CountryName,Aruba,Afghanistan,Angola,Albania,Andorra,Arab World,United Arab Emirates,Argentina,Armenia,American Samoa,Antigua and Barbuda,Australia,Austria,Azerbaijan,Burundi,Belgium,Benin,Burkina Faso,Bangladesh,Bulgaria,Bahrain,"Bahamas, The",Bosnia and Herzegovina,Belarus,Belize,Bermuda,Bolivia,Brazil,Barbados,Brunei Darussalam,Bhutan,Botswana,Central African Republic,Canada,Central Europe and the Baltics,uni,Channel Islands,Chile,China,Cote d'Ivoire,Cameroon,"Congo, Dem. Rep.","Congo, Rep.",Colombia,Comoros,Cabo Verde,Costa Rica,Caribbean small states,Cuba,Curacao,Cayman Islands,Cyprus,Czech Republic,Germany,Djibouti,Dominica,Denmark,Dominican Republic,Algeria,East Asia & Pacific (excluding high income),Early-demographic dividend,East Asia & Pacific,Europe & Central Asia (excluding high income),Europe & Central Asia,Ecuador,"Egypt, Arab Rep.",Euro area,Eritrea,Spain,Estonia,Ethiopia,European Union,Fragile and conflict affected situations,Finland,Fiji,France,Faroe Islands,"Micronesia, Fed. Sts.",Gabon,United Kingdom,Georgia,Ghana,Gibraltar,Guinea,"Gambia, The",Guinea-Bissau,Equatorial Guinea,Greece,Grenada,Greenland,Guatemala,Guam,Guyana,High income,"Hong Kong SAR, China",Honduras,Heavily indebted poor countries (HIPC),Croatia,Haiti,Hungary,IBRD only,IDA & IBRD total,IDA total,IDA blend,Indonesia,IDA only,Isle of Man,India,Not classified,Ireland,"Iran, Islamic Rep.",Iraq,Iceland,Israel,Italy,Jamaica,Jordan,Japan,Kazakhstan,Kenya,Kyrgyz Republic,Cambodia,Kiribati,St. Kitts and Nevis,"Korea, Rep.",Kuwait,Latin America & Caribbean (excluding high income),Lao PDR,Lebanon,Liberia,Libya,St. Lucia,Latin America & Caribbean,Least developed countries: UN classification,Low income,Liechtenstein,Sri Lanka,Lower middle income,Low & middle income,Lesotho,Late-demographic dividend,Lithuania,Luxembourg,Latvia,"Macao SAR, China",St. Martin (French part),Morocco,Monaco,Moldova,Madagascar,Maldives,Middle East & North Africa,Mexico,Marshall Islands,Middle income,North Macedonia,Mali,Malta,Myanmar,Middle East & North Africa (excluding high income),Montenegro,Mongolia,Northern Mariana Islands,Mozambique,Mauritania,Mauritius,Malawi,Malaysia,North America,Namibia,New Caledonia,Niger,Nigeria,Nicaragua,Netherlands,Norway,Nepal,Nauru,New Zealand,OECD members,Oman,Other small states,Pakistan,Panama,Peru,Philippines,Palau,Papua New Guinea,Poland,Pre-demographic dividend,Puerto Rico,"Korea, Dem. Peopleâ€™s Rep.",Portugal,Paraguay,West Bank and Gaza,Pacific island small states,Post-demographic dividend,French Polynesia,Qatar,Romania,Russian Federation,Rwanda,South Asia,Saudi Arabia,Sudan,Senegal,Singapore,Solomon Islands,Sierra Leone,El Salvador,San Marino,Somalia,Serbia,Sub-Saharan Africa (excluding high income),South Sudan,Sub-Saharan Africa,Small states,Sao Tome and Principe,Suriname,Slovak Republic,Slovenia,Sweden,Eswatini,Sint Maarten (Dutch part),Seychelles,Syrian Arab Republic,Turks and Caicos Islands,Chad,East Asia & Pacific (IDA & IBRD countries),Europe & Central Asia (IDA & IBRD countries),Togo,Thailand,Tajikistan,Turkmenistan,Latin America & the Caribbean (IDA & IBRD countries),Timor-Leste,Middle East & North Africa (IDA & IBRD countries),Tonga,South Asia (IDA & IBRD),Sub-Saharan Africa (IDA & IBRD countries),Trinidad and Tobago,Tunisia,Turkey,Tuvalu,Tanzania,Uganda,Ukraine,Upper middle income,Uruguay,United States,Uzbekistan,St. Vincent and the Grenadines,"Venezuela, RB",British Virgin Islands,Virgin Islands (U.S.),Vietnam,Vanuatu,World,Samoa,Kosovo,"Yemen, Rep.",South Africa,Zambia,Zimbabwe
CountryCode,ABW,AFG,AGO,ALB,AND,ARB,ARE,ARG,ARM,ASM,ATG,AUS,AUT,AZE,BDI,BEL,BEN,BFA,BGD,BGR,BHR,BHS,BIH,BLR,BLZ,BMU,BOL,BRA,BRB,BRN,BTN,BWA,CAF,CAN,CEB,CHE,CHI,CHL,CHN,CIV,CMR,COD,COG,COL,COM,CPV,CRI,CSS,CUB,CUW,CYM,CYP,CZE,DEU,DJI,DMA,DNK,DOM,DZA,EAP,EAR,EAS,ECA,ECS,ECU,EGY,EMU,ERI,ESP,EST,ETH,EUU,FCS,FIN,FJI,FRA,FRO,FSM,GAB,GBR,GEO,GHA,GIB,GIN,GMB,GNB,GNQ,GRC,GRD,GRL,GTM,GUM,GUY,HIC,HKG,HND,HPC,HRV,HTI,HUN,IBD,IBT,IDA,IDB,IDN,IDX,IMN,IND,INX,IRL,IRN,IRQ,ISL,ISR,ITA,JAM,JOR,JPN,KAZ,KEN,KGZ,KHM,KIR,KNA,KOR,KWT,LAC,LAO,LBN,LBR,LBY,LCA,LCN,LDC,LIC,LIE,LKA,LMC,LMY,LSO,LTE,LTU,LUX,LVA,MAC,MAF,MAR,MCO,MDA,MDG,MDV,MEA,MEX,MHL,MIC,MKD,MLI,MLT,MMR,MNA,MNE,MNG,MNP,MOZ,MRT,MUS,MWI,MYS,NAC,NAM,NCL,NER,NGA,NIC,NLD,NOR,NPL,NRU,NZL,OED,OMN,OSS,PAK,PAN,PER,PHL,PLW,PNG,POL,PRE,PRI,PRK,PRT,PRY,PSE,PSS,PST,PYF,QAT,ROU,RUS,RWA,SAS,SAU,SDN,SEN,SGP,SLB,SLE,SLV,SMR,SOM,SRB,SSA,SSD,SSF,SST,STP,SUR,SVK,SVN,SWE,SWZ,SXM,SYC,SYR,TCA,TCD,TEA,TEC,TGO,THA,TJK,TKM,TLA,TLS,TMN,TON,TSA,TSS,TTO,TUN,TUR,TUV,TZA,UGA,UKR,UMC,URY,USA,UZB,VCT,VEN,VGB,VIR,VNM,VUT,WLD,WSM,XKX,YEM,ZAF,ZMB,ZWE
IndicatorName,Proportion of seats held by women in national parliaments (%),Proportion of seats held by women in national parliaments (%),Proportion of seats held by women in national parliaments (%),Proportion of seats held by women in national parliaments (%),Proportion of seats held by women in national parliaments (%),Proportion of seats held by women in national parliaments (%),Proportion of seats held by women in national parliaments (%),Proportion of seats held by women in national parliaments (%),Proportion of seats held by women in national parliaments (%),Proportion of seats held by women in national parliaments (%),Proportion of seats held by women in national parliaments (%),Proportion of seats held by women in national parliaments (%),Proportion of seats held by women in national parliaments (%),Proportion of seats held by women in national parliaments (%),Proportion of seats held by women in national parliaments (%),Proportion of seats held by women in national parliaments (%),Proportion of seats held by women in national parliaments (%),Proportion of seats held by women in national parliaments (%),Proportion of seats held by women in national parliaments (%),Proportion of seats held by women in national parliaments (%),Proportion of seats held by women in national parliaments (%),Proportion of seats held by women in national parliaments (%),Proportion of seats held by women in national parliaments (%),Proportion of seats held by women in national parliaments (%),Proportion of seats held by women in national parliaments (%),Proportion of seats held by women in national parliaments (%),Proportion of seats held by women in national parliaments (%),Proportion of seats held by women in national parliaments (%),Proportion of seats held by women in national parliaments (%),Proportion of seats held by women in national parliaments (%),Proportion of seats held by women in national parliaments (%),Proportion of seats held by women in national parliaments (%),Proportion of seats held by women in national parliaments (%),Proportion of seats held by women in national parliaments (%),Proportion of seats held by women in national parliaments (%),Proportion of seats held by women in national parliaments (%),Proportion of seats held by women in national parliaments (%),Proportion of seats held by women in national parliaments (%),Proportion of seats held by women in national parliaments (%),Proportion of seats held by women in national parliaments (%),Proportion of seats held by women in national parliaments (%),Proportion of seats held by women in national parliaments (%),Proportion of seats held by women in national parliaments (%),Proportion of seats held by women in national parliaments (%),Proportion of seats held by women in national parliaments (%),Proportion of seats held by women in national parliaments (%),Proportion of seats held by women in national parliaments (%),Proportion of seats held by women in national parliaments (%),Proportion of seats held by women in national parliaments (%),Proportion of seats held by women in national parliaments (%),Proportion of seats held by women in national parliaments (%),Proportion of seats held by women in national parliaments (%),Proportion of seats held by women in national parliaments (%),Proportion of seats held by women in national parliaments (%),Proportion of seats held by women in national parliaments (%),Proportion of seats held by women in national parliaments (%),Proportion of seats held by women in national parliaments (%),Proportion of seats held by women in national parliaments (%),Proportion of seats held by women in national parliaments (%),Proportion of seats held by women in national parliaments (%),Proportion of seats held by women in national parliaments (%),Proportion of seats held by women in national parliaments (%),Proportion of seats held by women in national parliaments (%),Proportion of seats held by women in national parliaments (%),Proportion of seats held by women in national parliaments (%),Proportion of seats held by women in national parliaments (%),Proportion of seats held by women in national parliaments (%),Proportion of seats held by women in national parliaments (%),Proportion of seats held by women in national parliaments (%),Proportion of seats held by women in national parliaments (%),Proportion of seats held by women in national parliaments (%),Proportion of seats held by women in national parliaments (%),Proportion of seats held by women in national parliaments (%),Proportion of seats held by women in national parliaments (%),Proportion of seats held by women in national parliaments (%),Proportion of seats held by women in national parliaments (%),Proportion of seats held by women in national parliaments (%),Proportion of seats held by women in national parliaments (%),Proportion of seats held by women in national parliaments (%),Proportion of seats held by women in national parliaments (%),Proportion of seats held by women in national parliaments (%),Proportion of seats held by women in national parliaments (%),Proportion of seats held by women in national parliaments (%),Proportion of seats held by women in national parliaments (%),Proportion of seats held by women in national parliaments (%),Proportion of seats held by women in national parliaments (%),Proportion of seats held by women in national parliaments (%),Proportion of seats held by women in national parliaments (%),Proportion of seats held by women in national parliaments (%),Proportion of seats held by women in national parliaments (%),Proportion of seats held by women in national parliaments (%),Proportion of seats held by women in national parliaments (%),Proportion of seats held by women in national parliaments (%),Proportion of seats held by women in national parliaments (%),Proportion of seats held by women in national parliaments (%),Proportion of seats held by women in national parliaments (%),Proportion of seats held by women in national parliaments (%),Proportion of seats held by women in national parliaments (%),Proportion of seats held by women in national parliaments (%),Proportion of seats held by women in national parliaments (%),Proportion of seats held by women in national parliaments (%),Proportion of seats held by women in national parliaments (%),Proportion of seats held by women in national parliaments (%),Proportion of seats held by women in national parliaments (%),Proportion of seats held by women in national parliaments (%),Proportion of seats held by women in national parliaments (%),Proportion of seats held by women in national parliaments (%),Proportion of seats held by women in national parliaments (%),Proportion of seats held by women in national parliaments (%),Proportion of seats held by women in national parliaments (%),Proportion of seats held by women in national parliaments (%),Proportion of seats held by women in national parliaments (%),Proportion of seats held by women in national parliaments (%),Proportion of seats held by women in national parliaments (%),Proportion of seats held by women in national parliaments (%),Proportion of seats held by women in national parliaments (%),Proportion of seats held by women in national parliaments (%),Proportion of seats held by women in national parliaments (%),Proportion of seats held by women in national parliaments (%),Proportion of seats held by women in national parliaments (%),Proportion of seats held by women in national parliaments (%),Proportion of seats held by women in national parliaments (%),Proportion of seats held by women in national parliaments (%),Proportion of seats held by women in national parliaments (%),Proportion of seats held by women in national parliaments (%),Proportion of seats held by women in national parliaments (%),Proportion of seats held by women in national parliaments (%),Proportion of seats held by women in national parliaments (%),Proportion of seats held by women in national parliaments (%),Proportion of seats held by women in national parliaments (%),Proportion of seats held by women in national parliaments (%),Proportion of seats held by women in national parliaments (%),Proportion of seats held by women in national parliaments (%),Proportion of seats held by women in national parliaments (%),Proportion of seats held by women in national parliaments (%),Proportion of seats held by women in national parliaments (%),Proportion of seats held by women in national parliaments (%),Proportion of seats held by women in national parliaments (%),Proportion of seats held by women in national parliaments (%),Proportion of seats held by women in national parliaments (%),Proportion of seats held by women in national parliaments (%),Proportion of seats held by women in national parliaments (%),Proportion of seats held by women in national parliaments (%),Proportion of seats held by women in national parliaments (%),Proportion of seats held by women in national parliaments (%),Proportion of seats held by women in national parliaments (%),Proportion of seats held by women in national parliaments (%),Proportion of seats held by women in national parliaments (%),Proportion of seats held by women in national parliaments (%),Proportion of seats held by women in national parliaments (%),Proportion of seats held by women in national parliaments (%),Proportion of seats held by women in national parliaments (%),Proportion of seats held by women in national parliaments (%),Proportion of seats held by women in national parliaments (%),Proportion of seats held by women in national parliaments (%),Proportion of seats held by women in national parliaments (%),Proportion of seats held by women in national parliaments (%),Proportion of seats held by women in national parliaments (%),Proportion of seats held by women in national parliaments (%),Proportion of seats held by women in national parliaments (%),Proportion of seats held by women in national parliaments (%),Proportion of seats held by women in national parliaments (%),Proportion of seats held by women in national parliaments (%),Proportion of seats held by women in national parliaments (%),Proportion of seats held by women in national parliaments (%),Proportion of seats held by women in national parliaments (%),Proportion of seats held by women in national parliaments (%),Proportion of seats held by women in national parliaments (%),Proportion of seats held by women in national parliaments (%),Proportion of seats held by women in national parliaments (%),Proportion of seats held by women in national parliaments (%),Proportion of seats held by women in national parliaments (%),Proportion of seats held by women in national parliaments (%),Proportion of seats held by women in national parliaments (%),Proportion of seats held by women in national parliaments (%),Proportion of seats held by women in national parliaments (%),Proportion of seats held by women in national parliaments (%),Proportion of seats held by women in national parliaments (%),Proportion of seats held by women in national parliaments (%),Proportion of seats held by women in national parliaments (%),Proportion of seats held by women in national parliaments (%),Proportion of seats held by women in national parliaments (%),Proportion of seats held by women in national parliaments (%),Proportion of seats held by women in national parliaments (%),Proportion of seats held by women in national parliaments (%),Proportion of seats held by women in national parliaments (%),Proportion of seats held by women in national parliaments (%),Proportion of seats held by women in national parliaments (%),Proportion of seats held by women in national parliaments (%),Proportion of seats held by women in national parliaments (%),Proportion of seats held by women in national parliaments (%),Proportion of seats held by women in national parliaments (%),Proportion of seats held by women in national parliaments (%),Proportion of seats held by women in national parliaments (%),Proportion of seats held by women in national parliaments (%),Proportion of seats held by women in national parliaments (%),Proportion of seats held by women in national parliaments (%),Proportion of seats held by women in national parliaments (%),Proportion of seats held by women in national parliaments (%),Proportion of seats held by women in national parliaments (%),Proportion of seats held by women in national parliaments (%),Proportion of seats held by women in national parliaments (%),Proportion of seats held by women in national parliaments (%),Proportion of seats held by women in national parliaments (%),Proportion of seats held by women in national parliaments (%),Proportion of seats held by women in national parliaments (%),Proportion of seats held by women in national parliaments (%),Proportion of seats held by women in national parliaments (%),Proportion of seats held by women in national parliaments (%),Proportion of seats held by women in national parliaments (%),Proportion of seats held by women in national parliaments (%),Proportion of seats held by women in national parliaments (%),Proportion of seats held by women in national parliaments (%),Proportion of seats held by women in national parliaments (%),Proportion of seats held by women in national parliaments (%),Proportion of seats held by women in national parliaments (%),Proportion of seats held by women in national parliaments (%),Proportion of seats held by women in national parliaments (%),Proportion of seats held by women in national parliaments (%),Proportion of seats held by women in national parliaments (%),Proportion of seats held by women in national parliaments (%),Proportion of seats held by women in national parliaments (%),Proportion of seats held by women in national parliaments (%),Proportion of seats held by women in national parliaments (%),Proportion of seats held by women in national parliaments (%),Proportion of seats held by women in national parliaments (%),Proportion of seats held by women in national parliaments (%),Proportion of seats held by women in national parliaments (%),Proportion of seats held by women in national parliaments (%),Proportion of seats held by women in national parliaments (%),Proportion of seats held by women in national parliaments (%),Proportion of seats held by women in national parliaments (%),Proportion of seats held by women in national parliaments (%),Proportion of seats held by women in national parliaments (%),Proportion of seats held by women in national parliaments (%),Proportion of seats held by women in national parliaments (%),Proportion of seats held by women in national parliaments (%),Proportion of seats held by women in national parliaments (%),Proportion of seats held by women in national parliaments (%),Proportion of seats held by women in national parliaments (%),Proportion of seats held by women in national parliaments (%),Proportion of seats held by women in national parliaments (%),Proportion of seats held by women in national parliaments (%),Proportion of seats held by women in national parliaments (%),Proportion of seats held by women in national parliaments (%),Proportion of seats held by women in national parliaments (%),Proportion of seats held by women in national parliaments (%),Proportion of seats held by women in national parliaments (%),Proportion of seats held by women in national parliaments (%),Proportion of seats held by women in national parliaments (%),Proportion of seats held by women in national parliaments (%),Proportion of seats held by women in national parliaments (%),Proportion of seats held by women in national parliaments (%),Proportion of seats held by women in national parliaments (%),Proportion of seats held by women in national parliaments (%),Proportion of seats held by women in national parliaments (%),Proportion of seats held by women in national parliaments (%),Proportion of seats held by women in national parliaments (%),Proportion of seats held by women in national parliaments (%),Proportion of seats held by women in national parliaments (%),Proportion of seats held by women in national parliaments (%),Proportion of seats held by women in national parliaments (%),Proportion of seats held by women in national parliaments (%),Proportion of seats held by women in national parliaments (%)
IndicatorCode,SG.GEN.PARL.ZS,SG.GEN.PARL.ZS,SG.GEN.PARL.ZS,SG.GEN.PARL.ZS,SG.GEN.PARL.ZS,SG.GEN.PARL.ZS,SG.GEN.PARL.ZS,SG.GEN.PARL.ZS,SG.GEN.PARL.ZS,SG.GEN.PARL.ZS,SG.GEN.PARL.ZS,SG.GEN.PARL.ZS,SG.GEN.PARL.ZS,SG.GEN.PARL.ZS,SG.GEN.PARL.ZS,SG.GEN.PARL.ZS,SG.GEN.PARL.ZS,SG.GEN.PARL.ZS,SG.GEN.PARL.ZS,SG.GEN.PARL.ZS,SG.GEN.PARL.ZS,SG.GEN.PARL.ZS,SG.GEN.PARL.ZS,SG.GEN.PARL.ZS,SG.GEN.PARL.ZS,SG.GEN.PARL.ZS,SG.GEN.PARL.ZS,SG.GEN.PARL.ZS,SG.GEN.PARL.ZS,SG.GEN.PARL.ZS,SG.GEN.PARL.ZS,SG.GEN.PARL.ZS,SG.GEN.PARL.ZS,SG.GEN.PARL.ZS,SG.GEN.PARL.ZS,SG.GEN.PARL.ZS,SG.GEN.PARL.ZS,SG.GEN.PARL.ZS,SG.GEN.PARL.ZS,SG.GEN.PARL.ZS,SG.GEN.PARL.ZS,SG.GEN.PARL.ZS,SG.GEN.PARL.ZS,SG.GEN.PARL.ZS,SG.GEN.PARL.ZS,SG.GEN.PARL.ZS,SG.GEN.PARL.ZS,SG.GEN.PARL.ZS,SG.GEN.PARL.ZS,SG.GEN.PARL.ZS,SG.GEN.PARL.ZS,SG.GEN.PARL.ZS,SG.GEN.PARL.ZS,SG.GEN.PARL.ZS,SG.GEN.PARL.ZS,SG.GEN.PARL.ZS,SG.GEN.PARL.ZS,SG.GEN.PARL.ZS,SG.GEN.PARL.ZS,SG.GEN.PARL.ZS,SG.GEN.PARL.ZS,SG.GEN.PARL.ZS,SG.GEN.PARL.ZS,SG.GEN.PARL.ZS,SG.GEN.PARL.ZS,SG.GEN.PARL.ZS,SG.GEN.PARL.ZS,SG.GEN.PARL.ZS,SG.GEN.PARL.ZS,SG.GEN.PARL.ZS,SG.GEN.PARL.ZS,SG.GEN.PARL.ZS,SG.GEN.PARL.ZS,SG.GEN.PARL.ZS,SG.GEN.PARL.ZS,SG.GEN.PARL.ZS,SG.GEN.PARL.ZS,SG.GEN.PARL.ZS,SG.GEN.PARL.ZS,SG.GEN.PARL.ZS,SG.GEN.PARL.ZS,SG.GEN.PARL.ZS,SG.GEN.PARL.ZS,SG.GEN.PARL.ZS,SG.GEN.PARL.ZS,SG.GEN.PARL.ZS,SG.GEN.PARL.ZS,SG.GEN.PARL.ZS,SG.GEN.PARL.ZS,SG.GEN.PARL.ZS,SG.GEN.PARL.ZS,SG.GEN.PARL.ZS,SG.GEN.PARL.ZS,SG.GEN.PARL.ZS,SG.GEN.PARL.ZS,SG.GEN.PARL.ZS,SG.GEN.PARL.ZS,SG.GEN.PARL.ZS,SG.GEN.PARL.ZS,SG.GEN.PARL.ZS,SG.GEN.PARL.ZS,SG.GEN.PARL.ZS,SG.GEN.PARL.ZS,SG.GEN.PARL.ZS,SG.GEN.PARL.ZS,SG.GEN.PARL.ZS,SG.GEN.PARL.ZS,SG.GEN.PARL.ZS,SG.GEN.PARL.ZS,SG.GEN.PARL.ZS,SG.GEN.PARL.ZS,SG.GEN.PARL.ZS,SG.GEN.PARL.ZS,SG.GEN.PARL.ZS,SG.GEN.PARL.ZS,SG.GEN.PARL.ZS,SG.GEN.PARL.ZS,SG.GEN.PARL.ZS,SG.GEN.PARL.ZS,SG.GEN.PARL.ZS,SG.GEN.PARL.ZS,SG.GEN.PARL.ZS,SG.GEN.PARL.ZS,SG.GEN.PARL.ZS,SG.GEN.PARL.ZS,SG.GEN.PARL.ZS,SG.GEN.PARL.ZS,SG.GEN.PARL.ZS,SG.GEN.PARL.ZS,SG.GEN.PARL.ZS,SG.GEN.PARL.ZS,SG.GEN.PARL.ZS,SG.GEN.PARL.ZS,SG.GEN.PARL.ZS,SG.GEN.PARL.ZS,SG.GEN.PARL.ZS,SG.GEN.PARL.ZS,SG.GEN.PARL.ZS,SG.GEN.PARL.ZS,SG.GEN.PARL.ZS,SG.GEN.PARL.ZS,SG.GEN.PARL.ZS,SG.GEN.PARL.ZS,SG.GEN.PARL.ZS,SG.GEN.PARL.ZS,SG.GEN.PARL.ZS,SG.GEN.PARL.ZS,SG.GEN.PARL.ZS,SG.GEN.PARL.ZS,SG.GEN.PARL.ZS,SG.GEN.PARL.ZS,SG.GEN.PARL.ZS,SG.GEN.PARL.ZS,SG.GEN.PARL.ZS,SG.GEN.PARL.ZS,SG.GEN.PARL.ZS,SG.GEN.PARL.ZS,SG.GEN.PARL.ZS,SG.GEN.PARL.ZS,SG.GEN.PARL.ZS,SG.GEN.PARL.ZS,SG.GEN.PARL.ZS,SG.GEN.PARL.ZS,SG.GEN.PARL.ZS,SG.GEN.PARL.ZS,SG.GEN.PARL.ZS,SG.GEN.PARL.ZS,SG.GEN.PARL.ZS,SG.GEN.PARL.ZS,SG.GEN.PARL.ZS,SG.GEN.PARL.ZS,SG.GEN.PARL.ZS,SG.GEN.PARL.ZS,SG.GEN.PARL.ZS,SG.GEN.PARL.ZS,SG.GEN.PARL.ZS,SG.GEN.PARL.ZS,SG.GEN.PARL.ZS,SG.GEN.PARL.ZS,SG.GEN.PARL.ZS,SG.GEN.PARL.ZS,SG.GEN.PARL.ZS,SG.GEN.PARL.ZS,SG.GEN.PARL.ZS,SG.GEN.PARL.ZS,SG.GEN.PARL.ZS,SG.GEN.PARL.ZS,SG.GEN.PARL.ZS,SG.GEN.PARL.ZS,SG.GEN.PARL.ZS,SG.GEN.PARL.ZS,SG.GEN.PARL.ZS,SG.GEN.PARL.ZS,SG.GEN.PARL.ZS,SG.GEN.PARL.ZS,SG.GEN.PARL.ZS,SG.GEN.PARL.ZS,SG.GEN.PARL.ZS,SG.GEN.PARL.ZS,SG.GEN.PARL.ZS,SG.GEN.PARL.ZS,SG.GEN.PARL.ZS,SG.GEN.PARL.ZS,SG.GEN.PARL.ZS,SG.GEN.PARL.ZS,SG.GEN.PARL.ZS,SG.GEN.PARL.ZS,SG.GEN.PARL.ZS,SG.GEN.PARL.ZS,SG.GEN.PARL.ZS,SG.GEN.PARL.ZS,SG.GEN.PARL.ZS,SG.GEN.PARL.ZS,SG.GEN.PARL.ZS,SG.GEN.PARL.ZS,SG.GEN.PARL.ZS,SG.GEN.PARL.ZS,SG.GEN.PARL.ZS,SG.GEN.PARL.ZS,SG.GEN.PARL.ZS,SG.GEN.PARL.ZS,SG.GEN.PARL.ZS,SG.GEN.PARL.ZS,SG.GEN.PARL.ZS,SG.GEN.PARL.ZS,SG.GEN.PARL.ZS,SG.GEN.PARL.ZS,SG.GEN.PARL.ZS,SG.GEN.PARL.ZS,SG.GEN.PARL.ZS,SG.GEN.PARL.ZS,SG.GEN.PARL.ZS,SG.GEN.PARL.ZS,SG.GEN.PARL.ZS,SG.GEN.PARL.ZS,SG.GEN.PARL.ZS,SG.GEN.PARL.ZS,SG.GEN.PARL.ZS,SG.GEN.PARL.ZS,SG.GEN.PARL.ZS,SG.GEN.PARL.ZS,SG.GEN.PARL.ZS,SG.GEN.PARL.ZS,SG.GEN.PARL.ZS,SG.GEN.PARL.ZS,SG.GEN.PARL.ZS,SG.GEN.PARL.ZS,SG.GEN.PARL.ZS,SG.GEN.PARL.ZS,SG.GEN.PARL.ZS,SG.GEN.PARL.ZS,SG.GEN.PARL.ZS,SG.GEN.PARL.ZS,SG.GEN.PARL.ZS,SG.GEN.PARL.ZS,SG.GEN.PARL.ZS,SG.GEN.PARL.ZS,SG.GEN.PARL.ZS,SG.GEN.PARL.ZS,SG.GEN.PARL.ZS,SG.GEN.PARL.ZS,SG.GEN.PARL.ZS,SG.GEN.PARL.ZS,SG.GEN.PARL.ZS
1960,,,,,,,,,,,,,,,,,,,,,,,,,,,,,,,,,,,,,,,,,,,,,,,,,,,,,,,,,,,,,,,,,,,,,,,,,,,,,,,,,,,,,,,,,,,,,,,,,,,,,,,,,,,,,,,,,,,,,,,,,,,,,,,,,,,,,,,,,,,,,,,,,,,,,,,,,,,,,,,,,,,,,,,,,,,,,,,,,,,,,,,,,,,,,,,,,,,,,,,,,,,,,,,,,,,,,,,,,,,,,,,,,,,,,,,,,,,,,,,,,,,,,,,,,,,,,,,,,,,,,,,,
1961,,,,,,,,,,,,,,,,,,,,,,,,,,,,,,,,,,,,,,,,,,,,,,,,,,,,,,,,,,,,,,,,,,,,,,,,,,,,,,,,,,,,,,,,,,,,,,,,,,,,,,,,,,,,,,,,,,,,,,,,,,,,,,,,,,,,,,,,,,,,,,,,,,,,,,,,,,,,,,,,,,,,,,,,,,,,,,,,,,,,,,,,,,,,,,,,,,,,,,,,,,,,,,,,,,,,,,,,,,,,,,,,,,,,,,,,,,,,,,,,,,,,,,,,,,,,,,,,,,,,,,,,
1962,,,,,,,,,,,,,,,,,,,,,,,,,,,,,,,,,,,,,,,,,,,,,,,,,,,,,,,,,,,,,,,,,,,,,,,,,,,,,,,,,,,,,,,,,,,,,,,,,,,,,,,,,,,,,,,,,,,,,,,,,,,,,,,,,,,,,,,,,,,,,,,,,,,,,,,,,,,,,,,,,,,,,,,,,,,,,,,,,,,,,,,,,,,,,,,,,,,,,,,,,,,,,,,,,,,,,,,,,,,,,,,,,,,,,,,,,,,,,,,,,,,,,,,,,,,,,,,,,,,,,,,,
1963,,,,,,,,,,,,,,,,,,,,,,,,,,,,,,,,,,,,,,,,,,,,,,,,,,,,,,,,,,,,,,,,,,,,,,,,,,,,,,,,,,,,,,,,,,,,,,,,,,,,,,,,,,,,,,,,,,,,,,,,,,,,,,,,,,,,,,,,,,,,,,,,,,,,,,,,,,,,,,,,,,,,,,,,,,,,,,,,,,,,,,,,,,,,,,,,,,,,,,,,,,,,,,,,,,,,,,,,,,,,,,,,,,,,,,,,,,,,,,,,,,,,,,,,,,,,,,,,,,,,,,,,
1964,,,,,,,,,,,,,,,,,,,,,,,,,,,,,,,,,,,,,,,,,,,,,,,,,,,,,,,,,,,,,,,,,,,,,,,,,,,,,,,,,,,,,,,,,,,,,,,,,,,,,,,,,,,,,,,,,,,,,,,,,,,,,,,,,,,,,,,,,,,,,,,,,,,,,,,,,,,,,,,,,,,,,,,,,,,,,,,,,,,,,,,,,,,,,,,,,,,,,,,,,,,,,,,,,,,,,,,,,,,,,,,,,,,,,,,,,,,,,,,,,,,,,,,,,,,,,,,,,,,,,,,,
1965,,,,,,,,,,,,,,,,,,,,,,,,,,,,,,,,,,,,,,,,,,,,,,,,,,,,,,,,,,,,,,,,,,,,,,,,,,,,,,,,,,,,,,,,,,,,,,,,,,,,,,,,,,,,,,,,,,,,,,,,,,,,,,,,,,,,,,,,,,,,,,,,,,,,,,,,,,,,,,,,,,,,,,,,,,,,,,,,,,,,,,,,,,,,,,,,,,,,,,,,,,,,,,,,,,,,,,,,,,,,,,,,,,,,,,,,,,,,,,,,,,,,,,,,,,,,,,,,,,,,,,,,
1966,,,,,,,,,,,,,,,,,,,,,,,,,,,,,,,,,,,,,,,,,,,,,,,,,,,,,,,,,,,,,,,,,,,,,,,,,,,,,,,,,,,,,,,,,,,,,,,,,,,,,,,,,,,,,,,,,,,,,,,,,,,,,,,,,,,,,,,,,,,,,,,,,,,,,,,,,,,,,,,,,,,,,,,,,,,,,,,,,,,,,,,,,,,,,,,,,,,,,,,,,,,,,,,,,,,,,,,,,,,,,,,,,,,,,,,,,,,,,,,,,,,,,,,,,,,,,,,,,,,,,,,,
1967,,,,,,,,,,,,,,,,,,,,,,,,,,,,,,,,,,,,,,,,,,,,,,,,,,,,,,,,,,,,,,,,,,,,,,,,,,,,,,,,,,,,,,,,,,,,,,,,,,,,,,,,,,,,,,,,,,,,,,,,,,,,,,,,,,,,,,,,,,,,,,,,,,,,,,,,,,,,,,,,,,,,,,,,,,,,,,,,,,,,,,,,,,,,,,,,,,,,,,,,,,,,,,,,,,,,,,,,,,,,,,,,,,,,,,,,,,,,,,,,,,,,,,,,,,,,,,,,,,,,,,,,
1968,,,,,,,,,,,,,,,,,,,,,,,,,,,,,,,,,,,,,,,,,,,,,,,,,,,,,,,,,,,,,,,,,,,,,,,,,,,,,,,,,,,,,,,,,,,,,,,,,,,,,,,,,,,,,,,,,,,,,,,,,,,,,,,,,,,,,,,,,,,,,,,,,,,,,,,,,,,,,,,,,,,,,,,,,,,,,,,,,,,,,,,,,,,,,,,,,,,,,,,,,,,,,,,,,,,,,,,,,,,,,,,,,,,,,,,,,,,,,,,,,,,,,,,,,,,,,,,,,,,,,,,,
1969,,,,,,,,,,,,,,,,,,,,,,,,,,,,,,,,,,,,,,,,,,,,,,,,,,,,,,,,,,,,,,,,,,,,,,,,,,,,,,,,,,,,,,,,,,,,,,,,,,,,,,,,,,,,,,,,,,,,,,,,,,,,,,,,,,,,,,,,,,,,,,,,,,,,,,,,,,,,,,,,,,,,,,,,,,,,,,,,,,,,,,,,,,,,,,,,,,,,,,,,,,,,,,,,,,,,,,,,,,,,,,,,,,,,,,,,,,,,,,,,,,,,,,,,,,,,,,,,,,,,,,,,
1970,,,,,,,,,,,,,,,,,,,,,,,,,,,,,,,,,,,,,,,,,,,,,,,,,,,,,,,,,,,,,,,,,,,,,,,,,,,,,,,,,,,,,,,,,,,,,,,,,,,,,,,,,,,,,,,,,,,,,,,,,,,,,,,,,,,,,,,,,,,,,,,,,,,,,,,,,,,,,,,,,,,,,,,,,,,,,,,,,,,,,,,,,,,,,,,,,,,,,,,,,,,,,,,,,,,,,,,,,,,,,,,,,,,,,,,,,,,,,,,,,,,,,,,,,,,,,,,,,,,,,,,,
1971,,,,,,,,,,,,,,,,,,,,,,,,,,,,,,,,,,,,,,,,,,,,,,,,,,,,,,,,,,,,,,,,,,,,,,,,,,,,,,,,,,,,,,,,,,,,,,,,,,,,,,,,,,,,,,,,,,,,,,,,,,,,,,,,,,,,,,,,,,,,,,,,,,,,,,,,,,,,,,,,,,,,,,,,,,,,,,,,,,,,,,,,,,,,,,,,,,,,,,,,,,,,,,,,,,,,,,,,,,,,,,,,,,,,,,,,,,,,,,,,,,,,,,,,,,,,,,,,,,,,,,,,
1972,,,,,,,,,,,,,,,,,,,,,,,,,,,,,,,,,,,,,,,,,,,,,,,,,,,,,,,,,,,,,,,,,,,,,,,,,,,,,,,,,,,,,,,,,,,,,,,,,,,,,,,,,,,,,,,,,,,,,,,,,,,,,,,,,,,,,,,,,,,,,,,,,,,,,,,,,,,,,,,,,,,,,,,,,,,,,,,,,,,,,,,,,,,,,,,,,,,,,,,,,,,,,,,,,,,,,,,,,,,,,,,,,,,,,,,,,,,,,,,,,,,,,,,,,,,,,,,,,,,,,,,,
1973,,,,,,,,,,,,,,,,,,,,,,,,,,,,,,,,,,,,,,,,,,,,,,,,,,,,,,,,,,,,,,,,,,,,,,,,,,,,,,,,,,,,,,,,,,,,,,,,,,,,,,,,,,,,,,,,,,,,,,,,,,,,,,,,,,,,,,,,,,,,,,,,,,,,,,,,,,,,,,,,,,,,,,,,,,,,,,,,,,,,,,,,,,,,,,,,,,,,,,,,,,,,,,,,,,,,,,,,,,,,,,,,,,,,,,,,,,,,,,,,,,,,,,,,,,,,,,,,,,,,,,,,
1974,,,,,,,,,,,,,,,,,,,,,,,,,,,,,,,,,,,,,,,,,,,,,,,,,,,,,,,,,,,,,,,,,,,,,,,,,,,,,,,,,,,,,,,,,,,,,,,,,,,,,,,,,,,,,,,,,,,,,,,,,,,,,,,,,,,,,,,,,,,,,,,,,,,,,,,,,,,,,,,,,,,,,,,,,,,,,,,,,,,,,,,,,,,,,,,,,,,,,,,,,,,,,,,,,,,,,,,,,,,,,,,,,,,,,,,,,,,,,,,,,,,,,,,,,,,,,,,,,,,,,,,,
1975,,,,,,,,,,,,,,,,,,,,,,,,,,,,,,,,,,,,,,,,,,,,,,,,,,,,,,,,,,,,,,,,,,,,,,,,,,,,,,,,,,,,,,,,,,,,,,,,,,,,,,,,,,,,,,,,,,,,,,,,,,,,,,,,,,,,,,,,,,,,,,,,,,,,,,,,,,,,,,,,,,,,,,,,,,,,,,,,,,,,,,,,,,,,,,,,,,,,,,,,,,,,,,,,,,,,,,,,,,,,,,,,,,,,,,,,,,,,,,,,,,,,,,,,,,,,,,,,,,,,,,,,
1976,,,,,,,,,,,,,,,,,,,,,,,,,,,,,,,,,,,,,,,,,,,,,,,,,,,,,,,,,,,,,,,,,,,,,,,,,,,,,,,,,,,,,,,,,,,,,,,,,,,,,,,,,,,,,,,,,,,,,,,,,,,,,,,,,,,,,,,,,,,,,,,,,,,,,,,,,,,,,,,,,,,,,,,,,,,,,,,,,,,,,,,,,,,,,,,,,,,,,,,,,,,,,,,,,,,,,,,,,,,,,,,,,,,,,,,,,,,,,,,,,,,,,,,,,,,,,,,,,,,,,,,,
1977,,,,,,,,,,,,,,,,,,,,,,,,,,,,,,,,,,,,,,,,,,,,,,,,,,,,,,,,,,,,,,,,,,,,,,,,,,,,,,,,,,,,,,,,,,,,,,,,,,,,,,,,,,,,,,,,,,,,,,,,,,,,,,,,,,,,,,,,,,,,,,,,,,,,,,,,,,,,,,,,,,,,,,,,,,,,,,,,,,,,,,,,,,,,,,,,,,,,,,,,,,,,,,,,,,,,,,,,,,,,,,,,,,,,,,,,,,,,,,,,,,,,,,,,,,,,,,,,,,,,,,,,
1978,,,,,,,,,,,,,,,,,,,,,,,,,,,,,,,,,,,,,,,,,,,,,,,,,,,,,,,,,,,,,,,,,,,,,,,,,,,,,,,,,,,,,,,,,,,,,,,,,,,,,,,,,,,,,,,,,,,,,,,,,,,,,,,,,,,,,,,,,,,,,,,,,,,,,,,,,,,,,,,,,,,,,,,,,,,,,,,,,,,,,,,,,,,,,,,,,,,,,,,,,,,,,,,,,,,,,,,,,,,,,,,,,,,,,,,,,,,,,,,,,,,,,,,,,,,,,,,,,,,,,,,,
1979,,,,,,,,,,,,,,,,,,,,,,,,,,,,,,,,,,,,,,,,,,,,,,,,,,,,,,,,,,,,,,,,,,,,,,,,,,,,,,,,,,,,,,,,,,,,,,,,,,,,,,,,,,,,,,,,,,,,,,,,,,,,,,,,,,,,,,,,,,,,,,,,,,,,,,,,,,,,,,,,,,,,,,,,,,,,,,,,,,,,,,,,,,,,,,,,,,,,,,,,,,,,,,,,,,,,,,,,,,,,,,,,,,,,,,,,,,,,,,,,,,,,,,,,,,,,,,,,,,,,,,,,
1980,,,,,,,,,,,,,,,,,,,,,,,,,,,,,,,,,,,,,,,,,,,,,,,,,,,,,,,,,,,,,,,,,,,,,,,,,,,,,,,,,,,,,,,,,,,,,,,,,,,,,,,,,,,,,,,,,,,,,,,,,,,,,,,,,,,,,,,,,,,,,,,,,,,,,,,,,,,,,,,,,,,,,,,,,,,,,,,,,,,,,,,,,,,,,,,,,,,,,,,,,,,,,,,,,,,,,,,,,,,,,,,,,,,,,,,,,,,,,,,,,,,,,,,,,,,,,,,,,,,,,,,,
1981,,,,,,,,,,,,,,,,,,,,,,,,,,,,,,,,,,,,,,,,,,,,,,,,,,,,,,,,,,,,,,,,,,,,,,,,,,,,,,,,,,,,,,,,,,,,,,,,,,,,,,,,,,,,,,,,,,,,,,,,,,,,,,,,,,,,,,,,,,,,,,,,,,,,,,,,,,,,,,,,,,,,,,,,,,,,,,,,,,,,,,,,,,,,,,,,,,,,,,,,,,,,,,,,,,,,,,,,,,,,,,,,,,,,,,,,,,,,,,,,,,,,,,,,,,,,,,,,,,,,,,,,
1982,,,,,,,,,,,,,,,,,,,,,,,,,,,,,,,,,,,,,,,,,,,,,,,,,,,,,,,,,,,,,,,,,,,,,,,,,,,,,,,,,,,,,,,,,,,,,,,,,,,,,,,,,,,,,,,,,,,,,,,,,,,,,,,,,,,,,,,,,,,,,,,,,,,,,,,,,,,,,,,,,,,,,,,,,,,,,,,,,,,,,,,,,,,,,,,,,,,,,,,,,,,,,,,,,,,,,,,,,,,,,,,,,,,,,,,,,,,,,,,,,,,,,,,,,,,,,,,,,,,,,,,,
1983,,,,,,,,,,,,,,,,,,,,,,,,,,,,,,,,,,,,,,,,,,,,,,,,,,,,,,,,,,,,,,,,,,,,,,,,,,,,,,,,,,,,,,,,,,,,,,,,,,,,,,,,,,,,,,,,,,,,,,,,,,,,,,,,,,,,,,,,,,,,,,,,,,,,,,,,,,,,,,,,,,,,,,,,,,,,,,,,,,,,,,,,,,,,,,,,,,,,,,,,,,,,,,,,,,,,,,,,,,,,,,,,,,,,,,,,,,,,,,,,,,,,,,,,,,,,,,,,,,,,,,,,
1984,,,,,,,,,,,,,,,,,,,,,,,,,,,,,,,,,,,,,,,,,,,,,,,,,,,,,,,,,,,,,,,,,,,,,,,,,,,,,,,,,,,,,,,,,,,,,,,,,,,,,,,,,,,,,,,,,,,,,,,,,,,,,,,,,,,,,,,,,,,,,,,,,,,,,,,,,,,,,,,,,,,,,,,,,,,,,,,,,,,,,,,,,,,,,,,,,,,,,,,,,,,,,,,,,,,,,,,,,,,,,,,,,,,,,,,,,,,,,,,,,,,,,,,,,,,,,,,,,,,,,,,,
1985,,,,,,,,,,,,,,,,,,,,,,,,,,,,,,,,,,,,,,,,,,,,,,,,,,,,,,,,,,,,,,,,,,,,,,,,,,,,,,,,,,,,,,,,,,,,,,,,,,,,,,,,,,,,,,,,,,,,,,,,,,,,,,,,,,,,,,,,,,,,,,,,,,,,,,,,,,,,,,,,,,,,,,,,,,,,,,,,,,,,,,,,,,,,,,,,,,,,,,,,,,,,,,,,,,,,,,,,,,,,,,,,,,,,,,,,,,,,,,,,,,,,,,,,,,,,,,,,,,,,,,,,
1986,,,,,,,,,,,,,,,,,,,,,,,,,,,,,,,,,,,,,,,,,,,,,,,,,,,,,,,,,,,,,,,,,,,,,,,,,,,,,,,,,,,,,,,,,,,,,,,,,,,,,,,,,,,,,,,,,,,,,,,,,,,,,,,,,,,,,,,,,,,,,,,,,,,,,,,,,,,,,,,,,,,,,,,,,,,,,,,,,,,,,,,,,,,,,,,,,,,,,,,,,,,,,,,,,,,,,,,,,,,,,,,,,,,,,,,,,,,,,,,,,,,,,,,,,,,,,,,,,,,,,,,,
1987,,,,,,,,,,,,,,,,,,,,,,,,,,,,,,,,,,,,,,,,,,,,,,,,,,,,,,,,,,,,,,,,,,,,,,,,,,,,,,,,,,,,,,,,,,,,,,,,,,,,,,,,,,,,,,,,,,,,,,,,,,,,,,,,,,,,,,,,,,,,,,,,,,,,,,,,,,,,,,,,,,,,,,,,,,,,,,,,,,,,,,,,,,,,,,,,,,,,,,,,,,,,,,,,,,,,,,,,,,,,,,,,,,,,,,,,,,,,,,,,,,,,,,,,,,,,,,,,,,,,,,,,
1988,,,,,,,,,,,,,,,,,,,,,,,,,,,,,,,,,,,,,,,,,,,,,,,,,,,,,,,,,,,,,,,,,,,,,,,,,,,,,,,,,,,,,,,,,,,,,,,,,,,,,,,,,,,,,,,,,,,,,,,,,,,,,,,,,,,,,,,,,,,,,,,,,,,,,,,,,,,,,,,,,,,,,,,,,,,,,,,,,,,,,,,,,,,,,,,,,,,,,,,,,,,,,,,,,,,,,,,,,,,,,,,,,,,,,,,,,,,,,,,,,,,,,,,,,,,,,,,,,,,,,,,,
1989,,,,,,,,,,,,,,,,,,,,,,,,,,,,,,,,,,,,,,,,,,,,,,,,,,,,,,,,,,,,,,,,,,,,,,,,,,,,,,,,,,,,,,,,,,,,,,,,,,,,,,,,,,,,,,,,,,,,,,,,,,,,,,,,,,,,,,,,,,,,,,,,,,,,,,,,,,,,,,,,,,,,,,,,,,,,,,,,,,,,,,,,,,,,,,,,,,,,,,,,,,,,,,,,,,,,,,,,,,,,,,,,,,,,,,,,,,,,,,,,,,,,,,,,,,,,,,,,,,,,,,,,
1990,,,,,,,,,,,,,,,,,,,,,,,,,,,,,,,,,,,,,,,,,,,,,,,,,,,,,,,,,,,,,,,,,,,,,,,,,,,,,,,,,,,,,,,,,,,,,,,,,,,,,,,,,,,,,,,,,,,,,,,,,,,,,,,,,,,,,,,,,,,,,,,,,,,,,,,,,,,,,,,,,,,,,,,,,,,,,,,,,,,,,,,,,,,,,,,,,,,,,,,,,,,,,,,,,,,,,,,,,,,,,,,,,,,,,,,,,,,,,,,,,,,,,,,,,,,,,,,,,,,,,,,,
1991,,,,,,,,,,,,,,,,,,,,,,,,,,,,,,,,,,,,,,,,,,,,,,,,,,,,,,,,,,,,,,,,,,,,,,,,,,,,,,,,,,,,,,,,,,,,,,,,,,,,,,,,,,,,,,,,,,,,,,,,,,,,,,,,,,,,,,,,,,,,,,,,,,,,,,,,,,,,,,,,,,,,,,,,,,,,,,,,,,,,,,,,,,,,,,,,,,,,,,,,,,,,,,,,,,,,,,,,,,,,,,,,,,,,,,,,,,,,,,,,,,,,,,,,,,,,,,,,,,,,,,,,
1992,,,,,,,,,,,,,,,,,,,,,,,,,,,,,,,,,,,,,,,,,,,,,,,,,,,,,,,,,,,,,,,,,,,,,,,,,,,,,,,,,,,,,,,,,,,,,,,,,,,,,,,,,,,,,,,,,,,,,,,,,,,,,,,,,,,,,,,,,,,,,,,,,,,,,,,,,,,,,,,,,,,,,,,,,,,,,,,,,,,,,,,,,,,,,,,,,,,,,,,,,,,,,,,,,,,,,,,,,,,,,,,,,,,,,,,,,,,,,,,,,,,,,,,,,,,,,,,,,,,,,,,,
1993,,,,,,,,,,,,,,,,,,,,,,,,,,,,,,,,,,,,,,,,,,,,,,,,,,,,,,,,,,,,,,,,,,,,,,,,,,,,,,,,,,,,,,,,,,,,,,,,,,,,,,,,,,,,,,,,,,,,,,,,,,,,,,,,,,,,,,,,,,,,,,,,,,,,,,,,,,,,,,,,,,,,,,,,,,,,,,,,,,,,,,,,,,,,,,,,,,,,,,,,,,,,,,,,,,,,,,,,,,,,,,,,,,,,,,,,,,,,,,,,,,,,,,,,,,,,,,,,,,,,,,,,
1994,,,,,,,,,,,,,,,,,,,,,,,,,,,,,,,,,,,,,,,,,,,,,,,,,,,,,,,,,,,,,,,,,,,,,,,,,,,,,,,,,,,,,,,,,,,,,,,,,,,,,,,,,,,,,,,,,,,,,,,,,,,,,,,,,,,,,,,,,,,,,,,,,,,,,,,,,,,,,,,,,,,,,,,,,,,,,,,,,,,,,,,,,,,,,,,,,,,,,,,,,,,,,,,,,,,,,,,,,,,,,,,,,,,,,,,,,,,,,,,,,,,,,,,,,,,,,,,,,,,,,,,,
1995,,,,,,,,,,,,,,,,,,,,,,,,,,,,,,,,,,,,,,,,,,,,,,,,,,,,,,,,,,,,,,,,,,,,,,,,,,,,,,,,,,,,,,,,,,,,,,,,,,,,,,,,,,,,,,,,,,,,,,,,,,,,,,,,,,,,,,,,,,,,,,,,,,,,,,,,,,,,,,,,,,,,,,,,,,,,,,,,,,,,,,,,,,,,,,,,,,,,,,,,,,,,,,,,,,,,,,,,,,,,,,,,,,,,,,,,,,,,,,,,,,,,,,,,,,,,,,,,,,,,,,,,
1996,,,,,,,,,,,,,,,,,,,,,,,,,,,,,,,,,,,,,,,,,,,,,,,,,,,,,,,,,,,,,,,,,,,,,,,,,,,,,,,,,,,,,,,,,,,,,,,,,,,,,,,,,,,,,,,,,,,,,,,,,,,,,,,,,,,,,,,,,,,,,,,,,,,,,,,,,,,,,,,,,,,,,,,,,,,,,,,,,,,,,,,,,,,,,,,,,,,,,,,,,,,,,,,,,,,,,,,,,,,,,,,,,,,,,,,,,,,,,,,,,,,,,,,,,,,,,,,,,,,,,,,,
1997,,,9.545454545,,7.142857143,3.747161241,0,27.62645914,6.315789474,,5.263157895,15.54054054,26.2295082,12,,12.66666667,7.228915663,9.009009009,9.090909091,10.83333333,,15,,,3.448275862,,,6.627680312,10.71428571,,2,8.510638298,3.529411765,20.59800664,11.48243359,21,,7.5,,8,5.555555556,,,11.65644172,0,11.11111111,15.78947368,11.57024793,22.75042445,,,5.357142857,15,26.19047619,,9.375,32.96089385,11.66666667,3.157894737,,8.331444117,,6.270305393,14.5112782,3.658536585,1.982378855,16.86884871,20.95238095,24.71264368,10.89108911,2.048417132,17.01488051,,33.5,4.285714286,10.91854419,,0,8.333333333,18.20940819,6.926406926,9,,7.01754386,2.040816327,10,8.75,6.333333333,20,,12.5,,,15.80996885,,,8.939566705,7.874015748,3.614457831,11.39896373,9.285892427,8.707013693,7.72695285,,11.4,8.110918544,,7.155963303,,12.04819277,4.887218045,6.4,25.3968254,7.5,11.11111111,11.66666667,0,4.6,13.43283582,2.97029703,1.428571429,5.833333333,0,13.33333333,3.010033445,0,13.66574331,,2.34375,,,11.76470588,13.13213703,8.442622951,10.35846724,4,5.333333333,7.489597781,9.46642812,4.615384615,,17.51824818,20,9,,,0.615384615,5.555555556,4.807692308,3.731343284,6.25,4,14.2,,9.225215589,3.333333333,12.24489796,5.797101449,,3.919860627,,7.894736842,,25.2,1.265822785,7.575757576,5.649717514,7.8125,15.35326087,22.22222222,,1.204819277,,10.75268817,31.33333333,36.36363636,3.414634146,,29.16666667,16.00236197,,8.917197452,2.304147465,9.722222222,10.83333333,11.05990783,0,1.834862385,13.04347826,,,20.08733624,13.04347826,2.5,,2.586206897,16.88591762,,,7.288629738,10.22222222,17.14285714,5.755813953,,5.25,11.66666667,4.761904762,,,15.47619048,11.66666667,,,10.13857218,,10.20689655,8.665338645,7.272727273,15.68627451,14.66666667,7.777777778,40.40114613,3.125,,27.27272727,9.6,,2.4,,7.185628743,1.234567901,5.597964377,2.762430939,18,11.25455147,,3.919860627,0,5.755813953,10.20689655,11.11111111,6.748466258,2.363636364,8.333333333,17.45454545,18.11594203,3.777777778,,7.070707071,11.72413793,6,9.523809524,5.911330049,,,26.22222222,,11.69217106,4.081632653,,,25,9.677419355,14.66666667
1998,,,15.45454545,,7.142857143,3.457446809,0,27.62645914,6.315789474,,5.263157895,15.54054054,26.2295082,12,11.86440678,12.66666667,7.228915663,8.108108108,9.090909091,10.83333333,,15,,,3.448275862,,,6.627680312,10.71428571,,2,8.510638298,3.529411765,20.59800664,10.96829477,21,,10.83333333,21.81940248,8,5.555555556,,12,,0,11.11111111,19.29824561,12.02346041,27.62063228,,,5.357142857,15,26.19047619,0,9.375,37.4301676,16.10738255,3.157894737,17.59670782,8.843106181,16.04683196,6.77496038,15.15962721,17.3553719,1.982378855,17.02906844,20.95238095,24.71264368,10.89108911,2.048417132,17.05997294,,33.5,4.285714286,10.91854419,,0,8.333333333,18.20940819,6.926406926,9,,8.771929825,2.040816327,10,8.75,6.333333333,20,,12.5,,,15.89738607,,9.375,9.340300457,7.874015748,3.614457831,8.29015544,12.67576076,10.94286747,7.778771235,,11.4,8.08411215,,8.103130755,,12.04819277,4.887218045,6.4,25.3968254,7.5,11.11111111,13.55932203,0,4.6,13.43283582,3.603603604,1.428571429,5.833333333,0,13.33333333,3.678929766,0,16.07142857,21.21212121,2.34375,,,11.76470588,15.35487434,8.589411329,9.953810624,4,5.333333333,8.30760595,11.747851,3.75,14.17306277,17.51824818,20,9,,,0.615384615,22.22222222,,,6.25,3.604216253,17.4,,12.18780087,3.333333333,12.24489796,5.797101449,,3.493613824,,7.894736842,,25.2,3.797468354,7.575757576,5.649717514,7.8125,15.35326087,22.22222222,,1.204819277,,10.75268817,36,36.36363636,3.414634146,0,29.16666667,16.32326465,,8.43373494,2.304147465,9.722222222,10.83333333,12.44239631,0,1.834862385,13.04347826,,,20.08733624,13.04347826,,,2.090592334,17.94929833,,,7.288629738,10.22222222,17.14285714,6.05355064,,5.25,12.14285714,4.761904762,2.040816327,,16.66666667,13.33333333,,,10.88376891,,10.91954023,8.152686145,7.272727273,15.68627451,14.66666667,7.777777778,40.40114613,3.125,,23.52941176,9.6,,2.4,17.17078569,7.701215981,1.234567901,5.597964377,2.762430939,18,12.90650407,,3.493613824,0,6.05355064,10.91954023,11.11111111,7.36196319,2.363636364,,17.45454545,18.11594203,,14.81340803,7.070707071,11.72413793,6,,5.911330049,,,26.22222222,,13.07082223,4.081632653,,0.664451827,28.75,10.25641026,14.66666667
1999,,,15.45454545,5.161290323,7.142857143,3.616775683,0,,3.053435115,,,22.44897959,,12,5.982905983,23.33333333,6.024096386,8.108108108,9.090909091,10.83333333,,15,,,6.896551724,,11.53846154,5.653021442,10.71428571,,2,,7.339449541,20.59800664,11.48243359,22.5,,10.83333333,21.81940248,8,5.555555556,,12,11.80124224,,11.11111111,19.29824561,12.91139241,27.62063228,,,5.357142857,15,30.94170404,0,9.375,37.4301676,16.10738255,3.157894737,18.59778598,8.808977917,16.84560714,,16.05557297,17.3553719,1.982378855,18.28188562,14.66666667,21.55172414,17.82178218,2.025782689,17.99473929,,37,11.26760563,10.91854419,,0,8.333333333,18.36115326,,9,,8.771929825,2.040816327,,5,6.333333333,,,7.079646018,,18.46153846,16.87431476,,9.375,9.119345525,7.874015748,3.614457831,8.29015544,12.58756729,11.02540166,,,,7.962328767,,8.440366972,,12.04819277,4.887218045,6.4,34.92063492,11.66666667,11.11111111,13.33333333,0,4.6,10.81081081,3.571428571,1.428571429,8.196721311,4.87804878,13.33333333,3.678929766,0,14.58272328,21.21212121,2.34375,,,11.11111111,14.33519851,8.231644261,,4,4.888888889,8.744577007,11.86290442,3.797468354,14.7490686,17.51824818,16.66666667,17,,,0.615384615,22.22222222,8.910891089,8,,4.173678896,18.2,,12.36721391,7.5,12.24489796,9.230769231,,3.879149571,,7.894736842,,,3.797468354,7.575757576,8.29015544,,16.30434783,22.22222222,,,,9.677419355,36,36.36363636,5.853658537,0,29.16666667,17.27837946,,9.744408946,,,10.83333333,12.44239631,0,1.834862385,13.04347826,,,20.08733624,18.69565217,2.5,,4.658385093,18.23885526,,,7.288629738,,17.14285714,7.010309278,,,12.14285714,4.301075269,2.040816327,8.75,16.66666667,13.33333333,,,,,,9.547993906,9.090909091,15.68627451,12.66666667,7.777777778,42.69340974,3.076923077,,23.52941176,10.4,,2.4,18.25047199,,,5.597964377,2.762430939,,11.77042802,,3.879149571,,7.010309278,,11.11111111,11.53846154,4.181818182,0,16.36363636,17.92114695,7.777777778,15.27415144,12.12121212,13.33333333,,4.761904762,12.13592233,,,26,0,13.52010547,8.163265306,,0.664451827,30,10.12658228,14
2000,,,15.45454545,5.161290323,7.142857143,3.770681031,0,26.45914397,3.053435115,,5.263157895,22.97297297,26.77595628,,14.40677966,23.33333333,6.024096386,8.108108108,9.090909091,10.83333333,,15,,,6.896551724,,11.53846154,5.653021442,10.71428571,,9.333333333,17.0212766,7.339449541,,12.96008294,23,,10.83333333,21.78284182,,5.555555556,,12,11.80124224,,11.11111111,19.29824561,13.22580645,27.62063228,,,7.142857143,15,30.94170404,0,,37.4301676,16.10738255,3.421052632,17.32283465,9.673024523,16.35759756,7.302790217,16.56228253,14.63414634,1.982378855,19.3314633,14.66666667,28.28571429,17.82178218,7.692307692,19.57392279,,36.5,,10.91854419,,0,9.166666667,18.36115326,7.234042553,,,8.771929825,2.040816327,7.843137255,5,8.666666667,26.66666667,,8.849557522,,18.46153846,,,9.375,,20.52980132,,8.29015544,12.70285395,11.43377375,,,8,9.632378932,,9.007352941,,12.04819277,3.448275862,7.6,34.92063492,12.5,11.11111111,13.33333333,0,7.291666667,10.38961039,3.571428571,2.325581395,7.37704918,4.87804878,13.33333333,5.860805861,0,15.63966218,21.21212121,2.34375,7.8125,,11.11111111,15.15742547,9.915070117,12.2057753,4,,8.292131657,12.07740624,3.797468354,14.75821417,10.63829787,16.66666667,17,,,0.615384615,22.22222222,7.920792079,8,6,4.207011686,16,3.03030303,12.04723062,6.666666667,12.24489796,9.230769231,,3.881700555,,10.52631579,,30,3.797468354,5.714285714,9.32642487,10.3626943,,25,,1.204819277,3.418803419,9.677419355,36,36.36363636,5.853658537,,30.83333333,18.0409042,,10.65292096,,9.85915493,,11.26126126,0,1.834862385,13.04347826,10.0074129,,20.08733624,17.39130435,2.5,,,19.41747573,,,,7.709750567,25.71428571,8.444096951,,,12.14285714,4.301075269,2.040816327,8.75,9.523809524,13.33333333,,,11.58625731,,11.58536585,9.898107715,9.090909091,,14,,42.69340974,3.076923077,,23.52941176,10.4,,2.4,16.92165899,8.622652248,4.938271605,4.812834225,15,26,12.6369863,,3.881700555,0,8.444096951,11.58536585,,11.53846154,4.181818182,0,,17.79359431,7.777777778,14.59050899,12.12121212,,7.2,4.761904762,,,,26,0,13.90443953,8.163265306,,0.664451827,29.8245614,10.12658228,9.333333333
2001,,,15.45454545,5.714285714,14.28571429,4.621264767,0,,3.053435115,,5.263157895,,26.77595628,10.48387097,14.40677966,23.33333333,6.024096386,8.108108108,,26.25,,15,7.142857143,10.30927835,6.896551724,,11.53846154,6.822612086,10.71428571,,9.333333333,17.0212766,7.339449541,20.59800664,15.56683587,23,,10.83333333,21.78284182,8.520179372,5.555555556,,12,11.80124224,,11.11111111,19.29824561,14.61538462,27.62063228,,,10.71428571,15,31.08108108,0,18.75,,16.10738255,3.421052632,17.6150024,9.521619135,16.55372701,8.933626927,16.53758972,14.63414634,2.422907489,19.12943872,14.66666667,28.28571429,17.82178218,7.678244973,19.55049261,8.770135515,36.5,5.714285714,10.91854419,,0,9.166666667,17.90591806,7.234042553,9,,8.771929825,2.040816327,7.843137255,5,8.666666667,26.66666667,,8.849557522,,18.46153846,17.77286876,,9.375,11.91574724,20.52980132,3.614457831,8.29015544,13.11150723,11.9902405,,,8,,,8.839779006,,12.04819277,3.448275862,7.6,34.92063492,13.33333333,9.841269841,13.33333333,1.25,7.291666667,10.38961039,3.571428571,10,7.37704918,4.761904762,13.33333333,5.860805861,0,14.78981283,21.21212121,2.34375,7.8125,,,14.37483049,,12.32310037,12,,9.287496535,12.4813482,3.797468354,15.11237669,10.63829787,16.66666667,17,,,0.615384615,22.22222222,12.87128713,8,6,4.343468092,16,3.03030303,12.5212994,6.666666667,12.24489796,9.230769231,,3.995560488,,10.52631579,,30,,5.714285714,9.32642487,10.3626943,16.71195652,25,,1.204819277,3.418803419,,36,35.75757576,5.853658537,0,30.83333333,17.71919068,,10.92783505,,9.85915493,18.33333333,17.75700935,0,1.834862385,20.2173913,11.28831814,,20.08733624,18.69565217,2.5,,2.949852507,18.95734597,,,10.72463768,7.572383073,25.67567568,8.122362869,,9.722222222,16.66666667,11.76470588,,8.75,9.523809524,16.66666667,,,12.29482812,,12.2828406,10.34798535,9.090909091,17.64705882,14,12.22222222,42.69340974,3.076923077,,23.52941176,10.4,,2.4,17.20372359,10.7617896,4.938271605,9.2,12.6984127,26,11.76275679,,3.995560488,0,8.122362869,12.2828406,11.11111111,11.53846154,4.181818182,0,22.26277372,24.67105263,7.777777778,14.64614264,12.12121212,14.02298851,7.2,,9.696969697,,,26,0,14.09070087,6.12244898,,0.668896321,29.8245614,10.12658228,10
2002,,,15.45454545,5.714285714,14.28571429,6.130931763,0,30.73929961,3.053435115,,5.263157895,25.33333333,,10.48387097,18.43575419,23.33333333,6.024096386,11.71171171,2,26.25,,,,10.30927835,6.896551724,,18.46153846,6.237816764,10.71428571,,9.333333333,17.0212766,7.339449541,20.59800664,16.11675127,23,,12.5,21.78284182,8.520179372,8.888888889,,,12.04819277,,11.11111111,35.0877193,,27.62063228,,,10.71428571,17,32.17247098,0,18.75,37.98882682,17.33333333,6.16966581,18.21366025,11.08855048,17.21675872,,18.33526743,,2.422907489,19.08230153,22,28.28571429,17.82178218,7.678244973,20.28309224,10.31578947,36.5,5.714285714,12.13171577,,0,9.243697479,17.90591806,7.234042553,9,,,5.660377358,7.843137255,5,8.666666667,26.66666667,,8.849557522,,20,18.41631674,,5.46875,13.51529826,20.52980132,3.614457831,9.067357513,14.45458316,13.27031125,11.11809045,10.63947078,8,11.25935568,,8.839779006,,13.25301205,4.137931034,7.6,34.92063492,14.16666667,9.841269841,,1.25,7.291666667,10.38961039,3.571428571,10,7.37704918,4.761904762,13.33333333,5.860805861,0,16.56583117,22.93577982,2.34375,7.8125,,11.11111111,16.11816533,11.97627702,13.46383385,12,4.444444444,10.90670171,13.75112309,,15.6899811,10.63829787,16.66666667,18,,,10.76923077,22.22222222,12.87128713,,6,5.896069287,16,3.03030303,13.817719,17.5,10.20408163,9.230769231,,5.678466077,,10.52631579,,30,,5.714285714,9.32642487,10.3626943,16.57608696,25,,1.204819277,3.418803419,20.65217391,34,36.36363636,5.853658537,0,29.16666667,19.14414414,,12.60623229,21.05263158,9.85915493,18.33333333,17.75700935,0,,20.2173913,12.82398017,,20.08733624,19.13043478,2.5,,3.197674419,20.12927054,,,10.72463768,7.572383073,25.67567568,9.090909091,,9.722222222,19.16666667,11.76470588,0,,9.523809524,16.66666667,,,13.46680356,,13.4667115,11.64908917,,17.64705882,17.33333333,12.22222222,44.98567335,3.076923077,,29.41176471,10.4,,,17.87491116,12.83543485,4.938271605,9.2,12.6984127,26,14.0247678,26.13636364,5.678466077,,9.090909091,13.4667115,19.44444444,11.53846154,,,22.26277372,24.67105263,,15.93537903,12.12121212,13.79310345,7.2,22.72727273,9.696969697,,,27.30923695,1.923076923,15.19744591,6.12244898,,0.668896321,29.8245614,12.02531646,10
2003,,,15.45454545,5.714285714,14.28571429,6.048109966,0,30.73929961,4.580152672,,5.263157895,25.33333333,33.87978142,10.48387097,18.43575419,35.33333333,6.024096386,11.71171171,2,26.25,0,20,16.66666667,10.30927835,3.333333333,,18.46153846,8.576998051,13.33333333,,9.333333333,17.0212766,,20.59800664,16.26751017,25,,12.5,20.23450586,8.520179372,8.888888889,,8.527131783,12.04819277,,11.11111111,35.0877193,15.93533487,35.96059113,,,10.71428571,17,32.17247098,10.76923077,18.75,37.98882682,17.33333333,6.16966581,16.8594462,11.2659116,16.06960082,9.248191255,17.76365706,16,2.422907489,20.69045953,22,28.28571429,18.81188119,7.678244973,21.37759851,,37.5,5.714285714,12.19512195,,0,9.243697479,17.90591806,7.234042553,9,,19.29824561,13.20754717,,5,8.666666667,26.66666667,,8.227848101,,20,18.9175964,,5.46875,13.52134441,,3.614457831,9.844559585,13.96502219,13.04527771,11.45055442,10.67442989,8,11.68658699,,8.839779006,,13.25301205,4.137931034,,30.15873016,15,11.48867314,11.66666667,5.454545455,7.083333333,10.38961039,7.142857143,10,9.756097561,,13.33333333,5.860805861,0,19.10447761,22.93577982,2.34375,7.8125,,11.11111111,18.4690158,12.38846946,12.82450675,12,4.444444444,10.75734519,13.55275483,11.66666667,15.07978442,10.63829787,16.66666667,21,,,10.76923077,20.83333333,12.87128713,3.75,6,5.876358696,22.6,3.03030303,13.69563003,18.33333333,10.20408163,7.692307692,,6.014434643,,10.52631579,,30,3.703703704,5.714285714,9.32642487,10.47120419,16.84782609,26.38888889,,1.204819277,4.722222222,20.65217391,36.66666667,36.36363636,5.853658537,,28.33333333,19.41844254,,13.31147541,21.6374269,9.85915493,18.33333333,17.75700935,0,0.917431193,20.2173913,13.08450409,,,19.13043478,8.75,,2.73556231,20.72454308,,,10.72463768,7.572383073,48.75,9.201101928,0,9.722222222,19.16666667,15.95744681,0,14.51612903,10.71428571,16.66666667,,,13.71272892,,13.70883624,12.28683865,9.090909091,17.64705882,19.33333333,12.22222222,45.2722063,10.76923077,,29.41176471,12,,5.806451613,16.81230339,10.64257028,7.407407407,9.2,12.6984127,26,15.39580908,26.13636364,6.014434643,0,9.201101928,13.70883624,19.44444444,11.53846154,4.363636364,0,21.3559322,24.67105263,5.333333333,15.95888558,12.12121212,14.25287356,7.2,22.72727273,9.696969697,,,27.30923695,1.923076923,15.17920722,6.12244898,,0.332225914,29.8245614,12.02531646,10
2004,,,15,6.428571429,14.28571429,6.693043192,0,33.7254902,5.34351145,,10.52631579,24.66666667,33.87978142,10.48387097,18.43575419,34.66666667,7.228915663,11.71171171,2,26.25,0,20,16.66666667,29.35779817,6.666666667,,19.23076923,8.576998051,13.33333333,,9.210526316,11.11111111,,21.1038961,17.14164185,25,,12.5,20.23450586,8.520179372,8.888888889,12,8.527131783,12.04819277,3.03030303,11.11111111,35.0877193,17.82407407,35.96059113,,,16.07142857,17,32.75,10.76923077,19.35483871,37.98882682,17.33333333,6.16966581,17.19087265,12.14594807,16.62534256,10.86739781,18.81245755,16,2.863436123,21.70504655,22,36,18.81188119,7.678244973,22.07242515,11.0333935,37.5,8.450704225,12.19512195,,0,9.243697479,18.05766313,9.361702128,10.86956522,,19.29824561,13.20754717,14,18,14,26.66666667,,8.227848101,,30.76923077,19.45200155,,5.46875,14.05745368,21.71052632,3.614457831,9.090909091,14.87550813,13.83278441,12.09685947,11.55440415,11.27272727,12.23595058,,8.256880734,,13.25301205,4.137931034,,30.15873016,15,11.52597403,11.66666667,5.454545455,7.083333333,10.38961039,7.142857143,10,9.756097561,4.761904762,0,13.04347826,0,19.6089082,22.93577982,2.34375,5.263157895,,11.11111111,19.00946832,12.7539331,14.31879583,12,4.888888889,11.1371081,14.43628234,11.66666667,15.78637923,21.9858156,23.33333333,21,,,10.76923077,20.83333333,15.84158416,6.875,6,6.591957811,22.6,3.03030303,14.46692842,19.16666667,10.20408163,9.230769231,,6.957217113,,6.756756757,,34.8,3.703703704,5.714285714,13.98963731,9.132420091,17.49663526,25,,12.38938053,4.722222222,20.65217391,36.66666667,38.18181818,5.853658537,0,28.33333333,20.00202655,2.409638554,13.74631268,21.34502924,16.66666667,18.33333333,15.25423729,0,0.917431193,20.2173913,13.68960469,,20.08733624,19.13043478,10,,3.58974359,21.67047806,,,11.44578313,9.843400447,48.75,9.015942826,0,9.722222222,19.16666667,15.95744681,0,14.51612903,10.71428571,16.66666667,,,14.75301285,,14.73546702,12.87246722,9.090909091,19.60784314,16.66666667,12.22222222,45.2722063,10.76923077,,29.41176471,12,,6.451612903,16.74952854,12.42094612,6.172839506,8.830022075,12.6984127,,16.04651163,25.28735632,6.957217113,0,9.015942826,14.73546702,19.44444444,22.75132275,4.363636364,0,21.3559322,23.93442623,5.333333333,16.9817989,12.12121212,14.94252874,17.5,22.72727273,9.696969697,,,27.30923695,3.846153846,15.89700057,6.12244898,,0.332225914,32.77870216,12.02531646,10
2005,,27.30923695,15,7.142857143,28.57142857,7.036766496,0,36.18677043,5.34351145,,10.52631579,24.66666667,33.87978142,13.04347826,30.50847458,34.66666667,7.228915663,11.71171171,14.7826087,22.08333333,0,20,16.66666667,29.09090909,6.666666667,,16.92307692,8.576998051,13.33333333,,9.333333333,11.11111111,10.47619048,21.1038961,16.72340426,25,,15,20.26845638,8.520179372,8.888888889,12,8.527131783,12.12121212,3.03030303,11.11111111,35.0877193,17.82407407,35.96059113,,,16.07142857,17,31.75895765,10.76923077,12.90322581,36.87150838,17.33333333,6.16966581,17.29473039,12.88688283,16.90890215,10.79582518,19.16161998,16,1.982378855,22.16014898,22,36,18.81188119,21.42857143,22.17839806,11.90068493,37.5,8.450704225,12.19512195,,0,9.243697479,19.65944272,9.361702128,10.86956522,,19.29824561,13.20754717,14,18,13,26.66666667,,8.227848101,,30.76923077,20.05319654,,23.4375,16.89596537,21.71052632,3.614457831,9.090909091,14.46870806,14.50517098,14.56435644,12.1761658,11.27272727,15.12851897,,8.287292818,,13.25301205,4.137931034,,33.33333333,15,11.52597403,11.66666667,5.454545455,8.958333333,10.38961039,7.142857143,0,9.756097561,4.761904762,0,13.37792642,1.538461538,20.89552239,22.93577982,4.6875,12.5,4.736842105,11.11111111,20.20863658,15.69119287,16.46351931,24,4.888888889,12.40056153,15.04441576,11.66666667,16.01638705,21.9858156,23.33333333,21,,,10.76923077,20.83333333,21.78217822,6.875,12,6.171548117,24.2,3.03030303,14.64151679,19.16666667,10.20408163,9.230769231,,6.40907697,,6.666666667,,34.8,,17.14285714,13.61256545,9.132420091,17.63122476,26.92307692,,12.38938053,6.388888889,20.65217391,36.66666667,37.86982249,5.853658537,0,32.23140496,20.61743101,2.409638554,14.65567981,21.34502924,16.66666667,18.33333333,15.25423729,0,0.917431193,20.43478261,15.28672947,,20.08733624,21.30434783,10,,3.856041131,22.03407881,,,11.17824773,9.843400447,48.75,13.27643433,0,14.66666667,19.16666667,15.95744681,0,14.51612903,10.71428571,16.66666667,8,,16.17054465,,16.23701424,13.53174603,9.090909091,25.49019608,16.66666667,12.22222222,45.2722063,10.76923077,,29.41176471,12,,6.451612903,16.86808511,12.34721876,7.407407407,10.6,17.46031746,16,17.48475167,25.28735632,6.40907697,3.448275862,13.27643433,16.23701424,19.44444444,22.75132275,4.363636364,0,30.40752351,23.93442623,5.333333333,16.24195839,11.11111111,15.17241379,17.5,18.18181818,17.36526946,,,27.30923695,3.846153846,16.47454501,6.12244898,,0.332225914,32.75,12.65822785,16
2006,,27.30923695,15,7.142857143,28.57142857,9.349593496,5,35.01945525,5.34351145,,10.52631579,24.66666667,32.24043716,11.29032258,30.50847458,34.66666667,7.228915663,11.71171171,15.07246377,22.08333333,2.5,20,14.28571429,29.09090909,6.666666667,,16.92307692,8.771929825,13.33333333,,2.666666667,11.11111111,10.47619048,20.77922078,17.09910676,25,,15,20.26845638,8.520179372,8.888888889,8.4,8.527131783,8.43373494,3.03030303,15.27777778,38.59649123,17.24137931,35.96059113,,,14.28571429,15.5,31.59609121,10.76923077,12.90322581,36.87150838,19.66292135,6.16966581,17.65748349,13.43156702,17.28579176,11.51924772,19.53296703,25,2.036199095,23.03944316,22,36,18.81188119,21.92816635,22.88481913,13.10380267,38,,12.19512195,,0,12.5,19.65944272,9.361702128,10.86956522,,19.29824561,13.20754717,14,18,13,26.66666667,,8.227848101,,28.98550725,20.55365946,,23.4375,17.11205588,21.71052632,2.040816327,10.3626943,15.15776699,15.00206588,14.74908804,12.41230437,11.27272727,15.27141134,,8.256880734,,13.25301205,4.137931034,25.45454545,33.33333333,14.16666667,17.3015873,11.66666667,5.454545455,9.375,10.38961039,7.305936073,0,9.756097561,7.142857143,0,13.37792642,1.538461538,21.03429796,25.2173913,4.6875,12.5,7.692307692,0,20.34060926,15.91719221,16.7522245,24,4.888888889,12.66512167,15.54153602,11.66666667,16.04085603,24.82269504,23.33333333,19,,,10.76923077,20.83333333,21.78217822,6.875,12,8.057742782,22.6,3.03030303,15.1985262,28.33333333,10.20408163,9.230769231,,8.632425743,8.641975309,6.578947368,,34.8,17.89473684,17.14285714,13.61256545,9.132420091,18.16958277,26.92307692,,12.38938053,6.111111111,15.2173913,36.66666667,37.86982249,5.882352941,0,32.23140496,21.00099108,2.409638554,13.71145374,21.34502924,16.66666667,29.16666667,15.25423729,0,0.917431193,20.43478261,16.09695463,,20.08733624,21.30434783,10,,,22.77564921,,0,11.17824773,9.843400447,48.75,12.8436019,0,17.77777778,19.16666667,21.17647059,0,14.51612903,16.66666667,11.66666667,7.80669145,12,16.57891357,,16.63920923,12.99610895,7.272727273,25.49019608,20,12.22222222,47.27793696,10.76923077,,29.41176471,12,,6.451612903,17.24882967,12.79337322,8.641975309,8.67768595,17.46031746,16,17.67908309,25.28735632,8.632425743,3.333333333,12.8436019,16.63920923,19.44444444,22.75132275,4.363636364,0,30.40752351,29.81927711,8.666666667,17.0209219,11.11111111,16.32183908,17.5,18.18181818,17.96407186,,,27.30923695,3.846153846,16.96966423,6.12244898,,0.332225914,32.75,14.64968153,16.66666667
2007,,27.68595041,15,7.142857143,28.57142857,9.75376524,22.5,40,9.160305344,,10.52631579,26.66666667,32.78688525,11.38211382,30.50847458,35.33333333,10.84337349,15.31531532,,21.66666667,2.5,12.19512195,11.9047619,29.09090909,3.333333333,,16.92307692,8.966861598,13.33333333,,2.666666667,11.11111111,10.47619048,21.31147541,16.84389621,28.5,,15,20.62099224,8.866995074,13.88888889,8.4,7.299270073,8.43373494,3.03030303,18.05555556,36.84210526,18.09954751,35.96059113,,,14.28571429,15.5,31.64763458,13.84615385,16.12903226,37.98882682,19.66292135,7.712082262,18.03278689,14.72120394,17.75023078,14.31054461,21.00993528,25,1.809954751,24.65213358,22,36.57142857,20.79207921,21.92816635,23.876532,13.32988446,41.5,,18.19757366,,0,16.66666667,19.50464396,9.361702128,10.86956522,,19.29824561,9.433962264,14,18,14.66666667,26.66666667,,12.02531646,,28.98550725,21.35500331,,23.4375,17.63447433,20.91503268,4.081632653,11.13989637,15.9213201,15.91396232,15.90148981,13.14348302,11.63636364,16.52779505,,9.057301294,,13.25301205,4.137931034,25.45454545,33.33333333,14.16666667,17.3015873,13.33333333,6.363636364,9.375,15.88785047,7.246376812,25.55555556,19.51219512,4.347826087,6.666666667,14.3812709,1.538461538,21.84400965,25.2173913,4.6875,12.5,7.692307692,11.11111111,21.10685194,17.01067616,16.96351375,24,5.777777778,13.93910561,16.47374792,23.52941176,16.74550615,22.69503546,23.33333333,20,,,10.46153846,20.83333333,21.78217822,7.874015748,12,8.352910467,23.2,3.03030303,16.33660969,29.16666667,10.20408163,9.230769231,,8.849009901,11.11111111,6.578947368,,34.8,22.10526316,17.14285714,12.95336788,10.0456621,18.64864865,26.92307692,,12.38938053,6.983240223,18.47826087,39.33333333,36.09467456,17.32522796,0,33.05785124,22.15503569,0,14.83547128,21.05263158,16.66666667,29.16666667,20.50209205,0,0.917431193,20.43478261,16.67190941,,20.08733624,28.26086957,10,,,23.65762892,,0,9.393939394,14,48.75,14.2629058,0,18.05869074,22,24.46808511,0,13.2231405,16.66666667,11.66666667,8.203125,20.4,17.28059972,,17.30646601,13.91712275,1.818181818,25.49019608,19.33333333,12.22222222,46.99140401,10.76923077,,23.52941176,12,,5.161290323,17.68080668,14.81228669,11.11111111,11.74004193,17.46031746,16,18.68918145,29.23076923,8.849009901,3.333333333,14.2629058,17.30646601,26.82926829,22.75132275,9.107468124,0,30.40752351,30.72289157,8.222222222,17.98285014,12.12121212,16.7816092,17.5,18.18181818,18.56287425,,,25.76064909,3.846153846,17.8692023,8.163265306,,0.332225914,33,15.18987342,16
2008,,27.68595041,37.27272727,7.142857143,25,9.801577815,22.5,40,8.396946565,,10.52631579,26.66666667,27.32240437,11.38211382,30.50847458,35.33333333,10.84337349,15.31531532,6.333333333,21.66666667,2.5,12.19512195,11.9047619,31.81818182,0,,16.92307692,8.966861598,10,,8.510638298,11.11111111,10.47619048,22.07792208,16.81528662,28.5,,15,21.32574489,8.866995074,13.88888889,8.4,7.299270073,8.43373494,3.03030303,18.05555556,36.84210526,17.48878924,43.15960912,,,14.28571429,15.5,32.18954248,13.84615385,18.75,37.98882682,19.66292135,7.712082262,18.29628478,15.5450937,17.9584866,14.50105517,21.34883292,25,1.809954751,24.9594438,22,36.28571429,20.79207921,21.92816635,24.15356711,13.2787165,41.5,,18.19757366,,0,16.66666667,19.50464396,6,7.894736842,,,9.433962264,10,6,14.66666667,13.33333333,,12.02531646,,30,21.56881254,,23.4375,17.59216052,20.91503268,4.081632653,11.13989637,16.35477466,16.49944259,16.73306773,13.57894737,11.63636364,17.44726493,,9.057301294,,13.25301205,2.797202797,25.45454545,33.33333333,14.16666667,21.26984127,13.33333333,6.363636364,9.375,15.88785047,9.821428571,25.55555556,16.2601626,4.347826087,6.666666667,13.71237458,3.076923077,23.04812834,25.2173913,4.6875,12.5,7.692307692,11.11111111,22.16112838,18.7686466,16.96948315,24,5.777777778,15.58514209,17.20490394,25,17.07873716,17.73049645,23.33333333,20,,,10.46153846,25,21.78217822,7.874015748,12,8.300704777,23.2,3.03030303,17.26820014,31.66666667,10.20408163,8.695652174,,8.767038414,11.11111111,4.166666667,,34.8,22.10526316,17.14285714,12.95336788,10.81081081,19.11170929,26.92307692,,12.38938053,6.983240223,18.47826087,41.33333333,36.09467456,33.16498316,0,33.60655738,22.30700624,0,15.28023599,22.4852071,16.66666667,29.16666667,20.50209205,0,0.917431193,20.2173913,17.21769685,,20.08733624,28.26086957,12.5,,,24.31772327,,0,11.37724551,14,56.25,18.44244758,0,18.05869074,22,24.46808511,0,13.2231405,16.66666667,15,8.203125,21.6,17.78153007,,17.80084583,14.07137064,7.272727273,25.49019608,19.33333333,13.33333333,46.99140401,13.84615385,,23.52941176,12.4,,5.161290323,17.97577855,15.10318949,11.11111111,11.66666667,17.46031746,,18.69639794,29.23076923,8.767038414,3.125,18.44244758,17.80084583,26.82926829,22.75132275,9.107468124,0,30.40752351,30.72289157,8.222222222,18.50662715,12.12121212,17.01149425,17.5,18.18181818,18.56287425,,,25.76064909,3.846153846,18.44275463,8.163265306,,0.332225914,33,15.18987342,15.23809524
2009,,27.30923695,38.63636364,16.42857143,35.71428571,9.902309059,22.5,38.52140078,9.160305344,,10.52631579,27.33333333,27.86885246,11.38211382,31.3559322,38,10.84337349,15.31531532,18.55072464,20.83333333,2.5,12.19512195,19.04761905,31.81818182,0,,22.30769231,8.771929825,10,,8.510638298,7.936507937,9.615384615,22.07792208,17.07006369,29,,14.16666667,21.32574489,8.866995074,13.88888889,8.4,7.299270073,8.43373494,0,18.05555556,36.84210526,17.38148984,43.15960912,,,12.5,15.5,32.79742765,13.84615385,14.28571429,37.98882682,19.66292135,7.712082262,18.5528757,16.98824374,18.33398718,15.35125759,21.89462189,32.25806452,1.762114537,25.46253469,22,36.57142857,22.77227723,21.92816635,24.46792453,13.02015605,40,,18.89081456,,0,14.65517241,19.50464396,5.109489051,8.260869565,,,7.547169811,10,10,17.33333333,13.33333333,,12.02531646,,30,22.08588957,,17.96875,17.7140255,23.52941176,4.081632653,11.13989637,17.3006062,17.24427565,17.15449465,13.90180879,17.85714286,17.88448156,,10.82568807,,13.93939394,2.75862069,25.45454545,42.85714286,18.33333333,21.26984127,13.33333333,6.363636364,11.25,17.75700935,9.821428571,25.55555556,21.13821138,4.347826087,6.666666667,14.71571906,7.692307692,23.76395534,25.2173913,3.125,12.5,7.692307692,11.11111111,22.70128633,19.40337909,16.55504036,24,5.777777778,16.45054945,17.83432474,24.16666667,17.21615202,19.14893617,20,22,,,10.46153846,26.08695652,23.76237624,,6.493506494,8.780991736,27.6,3.03030303,18.18224277,32.5,10.20408163,8.695652174,,9.085347201,11.11111111,3.947368421,,39.2,22.10526316,17.14285714,20.83333333,9.90990991,18.97711978,26.92307692,,9.734513274,6.983240223,20.65217391,42,39.64497041,33.16498316,0,33.60655738,23.00990099,0,15.24141943,22.22222222,8.450704225,27.5,20.97378277,0,0.917431193,20,17.41975693,,15.57496361,27.39130435,12.5,,,24.73745624,,0,11.37724551,14,56.25,20.04950495,0,18.91891892,22.66666667,23.40425532,0,13.2231405,19.04761905,16.66666667,6.864564007,21.6,18.4538971,,18.46405229,14.03297145,7.272727273,25.49019608,18,14.44444444,46.41833811,13.63636364,,23.52941176,12.4,,5.161290323,18.79621668,15.81933727,11.11111111,13.3192389,17.46031746,16.8,19.35667521,29.23076923,9.085347201,3.125,20.04950495,18.46405229,26.82926829,27.57009346,9.107468124,0,30.6501548,31.48148148,8,19.46226952,14.14141414,16.7816092,22,21.73913043,17.46987952,,,25.76064909,3.846153846,19.02508657,8.163265306,,0.332225914,44.5,14.01273885,14.95327103
2010,,27.71084337,38.63636364,16.42857143,35.71428571,11.91967178,22.5,38.52140078,9.160305344,,10.52631579,24.66666667,27.86885246,16,32.0754717,39.33333333,10.84337349,15.31531532,18.55072464,20.83333333,2.5,12.19512195,16.66666667,31.81818182,0,,25.38461538,8.576998051,10,,8.510638298,7.936507937,9.615384615,22.07792208,17.02760085,29,,14.16666667,21.32574489,8.866995074,13.88888889,8.4,7.299270073,12.65060241,3.03030303,18.05555556,38.59649123,15.24663677,43.15960912,,,12.5,22,32.79742765,13.84615385,12.5,37.98882682,20.76502732,7.712082262,17.93853845,17.42120843,17.76942356,15.43528064,21.99346998,32.25806452,12.6953125,25.32377428,22,36.57142857,22.77227723,27.78793419,24.37735849,13.29963671,40,,18.89081456,,0,14.65517241,22,6.52173913,8.260869565,,,7.547169811,10,10,17.33333333,13.33333333,,12.02531646,,30,22.18133786,,17.96875,18.31363278,23.52941176,11.11111111,9.067357513,17.64324452,17.41585233,17.05419089,13.78420237,18.03571429,17.77981441,,10.82568807,,13.93939394,2.75862069,25.23076923,42.85714286,19.16666667,21.26984127,13.33333333,10.83333333,11.25,17.75700935,9.821428571,23.33333333,21.13821138,4.347826087,6.666666667,14.71571906,7.692307692,24.07809111,25.2173913,3.125,12.5,7.692307692,11.11111111,23.00606061,19.25838882,17.75368457,24,5.333333333,16.13428944,17.9906117,24.16666667,17.2508526,19.14893617,20,20,,,10.46153846,26.08695652,18.81188119,12.5,6.493506494,10.42606516,26.2,3.03030303,18.05542682,32.5,10.20408163,8.695652174,4.294478528,10.98317095,11.11111111,3.947368421,,39.2,22.10526316,18.84057971,20.83333333,9.90990991,18.97711978,24.35897436,,,6.983240223,20.65217391,40.66666667,39.64497041,33.16498316,0,33.60655738,23.07996833,0,15.59953434,22.22222222,8.450704225,27.5,22.14285714,0,0.917431193,20,17.19421028,,15.57496361,27.39130435,12.5,,,24.85420422,,0,11.37724551,14,56.25,20.04950495,0,25.56053812,22.66666667,23.40425532,0,13.2231405,19.04761905,16.66666667,6.776556777,21.6,18.71504747,,18.73716632,13.89448248,18.18181818,9.803921569,15.33333333,14.44444444,44.98567335,13.63636364,,23.52941176,12.4,,5.161290323,18.10344828,15.8819554,11.11111111,13.3192389,19.04761905,16.8,19.65116279,29.23076923,10.98317095,0,20.04950495,18.73716632,28.57142857,27.57009346,9.107468124,0,,31.28834356,8,19.48440278,15.15151515,16.7816092,22,14.28571429,16.96969697,,,25.76064909,3.846153846,19.15703782,8.163265306,,0.332225914,44.5,14.01273885,14.95327103
2011,,27.71084337,38.18181818,15.71428571,50,11.32850242,17.5,37.3540856,8.396946565,,10.52631579,24.66666667,27.86885246,16,30.47619048,38,8.43373494,15.31531532,19.71428571,20.83333333,10,12.19512195,21.42857143,31.81818182,0,,25.38461538,8.576998051,10,,8.510638298,7.936507937,12.5,24.75570033,18.4333759,28.5,,14.16666667,21.32303559,11.02362205,13.88888889,,7.299270073,12.12121212,3.03030303,20.83333333,38.59649123,15.84821429,45.221843,,,10.71428571,22,32.90322581,13.84615385,12.5,39.10614525,20.76502732,7.969151671,17.9268469,17.55779702,17.69867754,16.22317597,22.70417423,32.25806452,1.968503937,26.04672681,22,36,19.8019802,27.78793419,25.11332729,14.64321948,42.5,,18.89081456,,0,14.16666667,22.30769231,6.569343066,8.260869565,,,7.547169811,10,10,18.66666667,13.33333333,,13.29113924,,31.34328358,22.75777337,,19.53125,20.35370773,23.8410596,4.210526316,8.808290155,17.95952782,18.18508923,18.51984269,14.12312468,18.21428571,19.43814155,,11.00917431,,15.06024096,2.75862069,25.23076923,39.68253968,20,21.58730159,12.6984127,10.83333333,10.83333333,17.75700935,9.821428571,23.33333333,20.32520325,8.695652174,6.666666667,14.71571906,7.692307692,24.17289221,25,3.125,9.589041096,,16.66666667,23.03464755,20.82360172,19.13102055,24,5.777777778,16.64278403,18.70542664,24.16666667,17.66031359,19.14893617,25,23,,,16.96202532,19.04761905,19.8019802,12.5,6.493506494,10.05291005,26.2,3.03030303,18.58888633,30.89430894,10.20408163,8.695652174,3.544303797,10.50870147,12.34567901,3.947368421,,39.2,22.10526316,18.84057971,22.27979275,10.40723982,20.10796221,24.35897436,,13.27433628,6.818181818,40.2173913,40.66666667,39.64497041,33.16498316,0,32.23140496,23.88118812,1.19047619,16.10465116,22.51461988,8.450704225,21.53846154,22.88732394,0,0.917431193,23.69565217,19.53313253,,15.57496361,28.69565217,12.5,,,25.31942078,,0,11.21212121,13.55555556,56.25,20.33758748,0,24.57627119,22.66666667,22.22222222,0,12.90322581,19.04761905,18.33333333,6.776556777,22,20.45737012,26.5060241,20.53516632,14.38328646,18.18181818,11.76470588,16,32.22222222,44.6991404,13.63636364,,43.75,12.4,,12.76595745,18.08748404,16.8845807,11.11111111,15.8,19.04761905,16.8,19.5861678,32.30769231,10.50870147,3.571428571,20.33758748,20.53516632,28.57142857,26.7281106,14.18181818,6.666666667,36,34.97409326,8,20.18464121,12.12121212,16.8202765,22,17.39130435,16.96969697,,,24.4,1.923076923,19.82776673,4.081632653,,0.332225914,42.25,11.46496815,14.95327103
2012,,27.71084337,34.09090909,15.71428571,50,14.87204249,17.5,37.3540856,10.6870229,,10.52631579,24.66666667,27.86885246,16,30.47619048,38,8.43373494,15.7480315,19.71428571,22.91666667,10,13.15789474,21.42857143,26.60550459,3.125,,25.38461538,8.576998051,10,,8.510638298,7.936507937,12.5,24.67532468,19.26718814,29,,14.16666667,21.32303559,10.44176707,13.88888889,8.943089431,7.352941176,12.12121212,3.03030303,20.83333333,38.59649123,16.17977528,45.221843,,,10.71428571,22,32.90322581,13.84615385,12.5,39.10614525,20.76502732,31.6017316,18.23673235,19.2942011,17.85670394,17.8469446,23.75078779,32.25806452,1.968503937,27.42420736,22,36,20.79207921,27.78793419,26.03762317,15.22826767,42.5,,26.86308492,,0,15.78947368,22.46153846,12,,,,7.547169811,14,10,21,13.33333333,,13.29113924,,31.34328358,23.27303402,,19.53125,21.49832164,23.8410596,4.210526316,8.808290155,19.27703739,19.28621908,19.2999471,14.36663234,18.57142857,20.31914894,,11.00917431,,15.06024096,3.103448276,25.23076923,39.68253968,20,21.42857143,12.6984127,10.83333333,7.916666667,24.29906542,9.821428571,23.33333333,20.32520325,8.695652174,6.666666667,15.66666667,6.153846154,25.773746,25,3.125,10.95890411,16.5,16.66666667,24.48589192,21.39753376,19.46832219,24,5.777777778,18.47397885,19.79749724,26.66666667,18.28507588,24.46043165,21.66666667,23,,,16.96202532,19.04761905,19.8019802,17.4863388,6.493506494,13.14699793,36.8,3.03030303,19.89249782,32.5203252,10.20408163,8.695652174,6.032482599,14.1674333,17.28395062,14.86486486,,39.2,22.10526316,18.84057971,22.27979275,10.40723982,20.75471698,24.35897436,,13.27433628,6.666666667,40.2173913,38.66666667,39.64497041,33.16498316,0,32.23140496,24.95049505,1.19047619,17.09451575,22.51461988,8.450704225,21.53846154,22.88732394,0,2.702702703,23.69565217,20.1545949,,15.57496361,28.69565217,12.5,,,25.93932943,,0,13.34951456,13.55555556,56.25,20.33758748,0,24.57627119,42.66666667,24.24242424,2,12.39669421,26.19047619,16.66666667,13.81818182,33.2,21.30946542,26.5060241,21.37580235,15.12096774,18.18181818,11.76470588,18.66666667,32.22222222,44.6991404,13.63636364,,43.75,12,,14.89361702,18.42857143,18.2320442,11.11111111,15.8,19.04761905,16.8,21.28684807,38.46153846,14.1674333,3.571428571,20.33758748,21.37580235,28.57142857,26.7281106,14.18181818,6.666666667,36,34.97409326,9.438202247,21.02136787,12.12121212,17.97235023,22,17.39130435,16.96969697,,,24.4,0,20.7552043,4.081632653,,0.332225914,42.25,11.46496815,14.95327103
2013,,27.71084337,34.09090909,17.85714286,50,17.3693086,17.5,36.57587549,10.6870229,,10.52631579,26,33.33333333,15.57377049,30.47619048,38,8.43373494,15.7480315,19.71428571,24.58333333,10,13.15789474,21.42857143,26.60550459,3.125,,25.38461538,8.576998051,16.66666667,,6.382978723,7.936507937,,24.67532468,19.21020156,31,,15.83333333,23.40140609,10.44176707,31.11111111,8.943089431,7.352941176,12.12121212,3.03030303,20.83333333,38.59649123,17.07865169,48.85620915,,,10.71428571,19.5,36.45007924,12.72727273,12.5,39.10614525,20.76502732,31.6017316,19.31687715,20.06927073,18.82742549,18.10122963,24.79762547,38.68613139,,29.96539792,22,36,20.79207921,27.78793419,27.681764,16.61022416,42.5,,26.86308492,,0,15.78947368,22.46153846,12,10.90909091,,,7.547169811,14,12.12121212,21,33.33333333,,13.29113924,,31.34328358,24.68650571,,,22.10526316,23.8410596,4.210526316,8.808290155,20.39393939,19.99118036,19.3707991,18.90736342,18.57142857,19.48414082,,11.00917431,,15.6626506,3.103448276,25.23076923,39.68253968,22.5,31.42857143,12.6984127,12.16216216,8.125,24.29906542,18.57142857,23.33333333,20.32520325,8.695652174,6.666666667,15.66666667,6.153846154,27.11123258,25,3.125,10.95890411,16.5,16.66666667,25.75128268,20.91089109,19.96358219,20,5.777777778,19.21626871,20.62550952,26.66666667,18.915147,24.11347518,28.33333333,23,,,16.96202532,20.83333333,19.8019802,17.4863388,6.493506494,15.93601896,36.8,3.03030303,20.81642397,34.14634146,,14.28571429,6.032482599,16.42006496,16.04938272,14.86486486,,39.2,,18.84057971,22.27979275,10.36036036,20.67567568,24.35897436,,13.27433628,6.666666667,40.2173913,38.66666667,39.64497041,,5.263157895,32.23140496,26.09555841,1.19047619,17.08749266,20.74303406,8.450704225,21.53846154,27.33564014,0,2.702702703,23.69565217,21.25461255,,15.57496361,31.30434783,17.5,,,27.47800276,,0,13.34951456,13.55555556,63.75,15.74889868,19.86754967,24.57627119,42.66666667,24.24242424,2,12.39669421,26.19047619,18.33333333,13.81818182,33.2,22.40483384,26.5060241,22.45702006,15.30364372,18.18181818,11.76470588,18.66666667,32.22222222,44.98567335,6.153846154,,43.75,12,,14.89361702,19.63267891,18.42920354,15.38461538,15.8,19.04761905,16.8,21.82830355,38.46153846,16.42006496,3.571428571,15.74889868,22.45702006,28.57142857,26.7281106,14.41605839,6.666666667,36,34.97409326,9.438202247,21.9652231,12.12121212,17.82407407,22,13.04347826,16.96969697,,,24.4,0,21.77744744,4.081632653,,0.332225914,42.25,11.46496815,31.48148148
2014,,27.71084337,36.81818182,20,50,17.79340184,17.5,36.57587549,10.6870229,,11.11111111,26,32.24043716,15.57377049,30.47619048,39.33333333,8.43373494,,19.82758621,20,7.5,13.15789474,21.42857143,26.60550459,3.125,,53.07692308,9.941520468,16.66666667,,8.510638298,9.523809524,,25.08143322,19.70509383,31,,15.83333333,23.40140609,9.448818898,31.11111111,10.64257028,7.352941176,19.87951807,3.03030303,20.83333333,33.33333333,17.15575621,48.85620915,,,12.5,19.5,36.45007924,12.72727273,12.90322581,39.10614525,20.76502732,31.6017316,19.06324582,21.07317959,18.59551274,18.55581128,25.34849596,41.60583942,,30.11075219,22,39.71428571,19,27.78793419,28.24052769,15.59986595,42.5,14,26.16984402,,0,15,22.61538462,12,10.90909091,,21.92982456,9.433962264,13.7254902,24,21,33.33333333,,13.29113924,,31.34328358,25.21946565,,25.78125,22.15019763,23.8410596,4.210526316,10.05025126,21.00908299,20.4162103,19.57405444,18.89507892,16.93693694,19.7336826,,11.41804788,,15.6626506,3.103448276,25.30487805,39.68253968,22.5,31.42857143,12.6984127,12,8.125,25.2173913,19.14285714,23.33333333,20.32520325,8.695652174,6.666666667,16.33333333,1.538461538,28.7034592,25,3.125,10.95890411,15.95744681,16.66666667,27.46077033,21.13821138,19.19174248,20,5.777777778,20.71264847,21.01971748,26.66666667,19.10251524,24.11347518,28.33333333,18,,,16.96202532,20.83333333,17.82178218,20.52980132,5.882352941,16.0878599,37.4,3.03030303,21.50642817,33.33333333,9.523809524,14.28571429,5.594405594,16.75108538,17.28395062,14.86486486,,,25.17006803,18.84057971,16.66666667,10.36036036,21.69811321,,,13.27433628,6.666666667,42.39130435,38.66666667,39.64497041,29.48073702,5.263157895,29.75206612,26.75332527,1.19047619,17.42839732,20.74303406,19.29824561,22.30769231,27.33564014,0,2.702702703,24.34782609,20.93480563,,16.30276565,31.30434783,15,,4.864864865,28.12838864,,0,13.51351351,13.55555556,63.75,19.23872569,19.86754967,24.29378531,43.33333333,25.25252525,2,12.09677419,27.38095238,18.33333333,13.81818182,34,22.10054754,26.5060241,22.1580435,15.48492258,18.18181818,11.76470588,18.66666667,35.55555556,44.6991404,6.153846154,,43.75,12,,14.89361702,19.28288169,18.86960392,17.58241758,6.091370558,16.94915254,26.4,23.99319342,38.46153846,16.75108538,0,19.23872569,22.1580435,28.57142857,31.33640553,14.41605839,6.666666667,36,34.97409326,11.66666667,22.14827296,13.13131313,19.31034483,22,13.04347826,16.96969697,,,24.29718876,0,22.18829652,6.12244898,,0.332225914,41.5,10.75949367,31.48148148
2015,,27.71084337,36.81818182,20.71428571,39.28571429,18.77984085,22.5,,10.6870229,,11.11111111,26.66666667,30.6010929,16.93548387,36.36363636,39.33333333,7.228915663,9.448818898,20,20.41666667,7.5,13.15789474,21.42857143,27.27272727,3.125,,53.07692308,9.941520468,16.66666667,,8.510638298,9.523809524,,26.03550296,20.11648746,32,,15.83333333,23.62284556,9.163346614,31.11111111,8.943089431,7.352941176,19.87951807,3.03030303,20.83333333,33.33333333,19.7309417,48.85620915,,,12.5,20,36.45007924,12.72727273,21.875,37.4301676,20.76502732,31.6017316,19.76266545,22.16251274,19.28737413,18.51638873,25.74311927,41.60583942,,30.19607843,22,41.14285714,23.76237624,38.75685558,28.26654384,17.51582278,41.5,16,26.16984402,,0,14.16666667,29.38461538,11.33333333,10.90909091,,21.92982456,9.433962264,13.7254902,24,19.66666667,33.33333333,,13.92405063,,30.43478261,25.80184639,,25.78125,23.84955752,15.23178808,4.210526316,10.1010101,21.27672956,21.1163465,20.89820359,18.55432781,17.11711712,21.43307418,,11.97053407,,16.26506024,3.103448276,26.52439024,41.26984127,26.66666667,30.95238095,12.6984127,12,9.473684211,26.1682243,19.71428571,19.16666667,20.32520325,8.695652174,13.33333333,16.33333333,1.538461538,29.19852733,25,3.125,10.95890411,15.95744681,16.66666667,27.90110999,23.04743651,21.31174089,20,4.888888889,21.04046243,21.71610169,25,19.36532212,23.40425532,28.33333333,18,,,16.96202532,20.83333333,21.78217822,20.52980132,5.882352941,16.38468388,42.36947791,9.090909091,21.83387576,33.33333333,8.843537415,12.85714286,12.69349845,16.9019182,17.28395062,14.47368421,,39.6,25.17006803,11.5942029,16.66666667,10.36036036,22.27979275,41.34615385,,13.27433628,5.555555556,41.30434783,37.33333333,39.64497041,29.54924875,5.263157895,31.40495868,27.81184039,1.176470588,18.6139748,20.58823529,18.30985915,22.30769231,27.24137931,0,2.702702703,27.39130435,21.84314836,,16.30276565,34.7826087,15,,5.675675676,28.56524562,,0,13.71571072,13.55555556,63.75,19.31911403,19.86754967,30.51643192,42.66666667,23.91304348,2,12.39669421,32.14285714,16.66666667,13.81818182,34,23.65879204,26.5060241,23.63699103,16.93989071,18.18181818,25.49019608,18.66666667,36.66666667,43.5530086,6.153846154,,43.75,12.4,,14.89361702,20.06417835,18.88641425,17.58241758,6.091370558,19.04761905,25.80645161,24.26918392,38.46153846,16.9019182,0,19.31911403,23.63699103,30.95238095,31.33640553,14.90909091,6.666666667,36,34.97409326,12.08530806,22.47989047,16.16161616,19.35483871,16,13.04347826,16.96969697,,,24.29718876,0,22.84929916,6.12244898,,0,42,12.65822785,31.48148148
2016,,27.71084337,36.81818182,22.85714286,32.14285714,19.27561399,22.5,35.79766537,10.6870229,,11.11111111,28.66666667,30.6010929,16.8,36.36363636,39.33333333,7.228915663,9.448818898,20,20.41666667,7.5,13.15789474,21.42857143,34.54545455,3.125,,53.07692308,9.941520468,16.66666667,6.451612903,8.510638298,9.523809524,7.194244604,26.03550296,19.89247312,32,,15.83333333,23.62284556,9.163346614,31.11111111,8.943089431,7.352941176,19.87951807,3.03030303,23.61111111,33.33333333,20.40358744,48.85620915,,,17.85714286,20,36.45007924,12.72727273,21.875,37.4301676,26.84210526,31.6017316,19.86863711,22.34532129,19.42618807,19.09012381,26.00587911,41.60583942,14.93288591,30.32123873,22,39.14285714,23.76237624,38.75685558,28.2859339,17.40694401,41.5,16,26.16984402,,0,14.16666667,29.58397535,16,10.90909091,,21.92982456,9.433962264,13.7254902,24,19.66666667,33.33333333,,13.92405063,,30.43478261,25.84814216,,25.78125,24.02894698,12.58278146,0,10.1010101,21.75419729,21.45407449,21.02949877,18.64640884,17.11711712,21.56537944,,11.97053407,,22.15189873,5.882352941,26.52439024,47.61904762,26.66666667,30.95238095,17.46031746,15.38461538,9.473684211,27.10280374,19.71428571,19.16666667,20.32520325,6.52173913,13.33333333,17,2,30.11064278,27.51677852,3.125,10.95890411,15.95744681,16.66666667,28.80113502,23.07964185,21.50624899,20,5.777777778,21.06853856,22.06821148,25,19.88918609,21.27659574,28.33333333,18,,,20.50632911,20.83333333,21.78217822,20.52980132,5.882352941,17.08504098,42.4,9.090909091,22.22422495,33.33333333,8.843537415,12.85714286,9.930715935,17.56715967,23.45679012,17.10526316,,39.6,25.17006803,11.5942029,16.66666667,10.36036036,22.17898833,41.34615385,,14.61988304,5.555555556,45.65217391,37.33333333,39.64497041,29.57983193,5.263157895,31.40495868,27.93481541,1.176470588,19.01012373,20.58823529,18.30985915,27.69230769,29.79452055,12.5,2.702702703,27.39130435,22.14094809,,16.30276565,34.7826087,15,,6.469002695,28.56215514,,0,13.71571072,12.66666667,63.75,19.39194741,19.86754967,30.51643192,42.66666667,23.76237624,2,12.39669421,32.14285714,23.33333333,,34,23.91757351,28.45953003,23.81006865,17.4566474,18.18181818,25.49019608,20,36.66666667,43.5530086,6.153846154,,21.21212121,13.2,,14.89361702,20.20836779,19.2419175,17.58241758,6.091370558,19.04761905,25.80645161,25.61284869,38.46153846,17.56715967,0,19.39194741,23.81006865,30.95238095,31.33640553,14.90909091,6.666666667,36.55913978,33.48946136,12.01923077,23.21742773,16.16161616,19.16859122,16,13.04347826,14.37125749,,,26.72064777,0,23.09136742,10,,0,42,17.96407186,31.48148148
2017,,27.71084337,30.45454545,27.85714286,32.14285714,18.88402121,22.5,38.13229572,18.0952381,,11.11111111,28.66666667,34.42622951,16.8,36.36363636,38,7.228915663,11.02362205,20.28571429,23.75,7.5,12.82051282,21.42857143,34.54545455,9.375,,53.07692308,10.72124756,16.66666667,9.090909091,8.510638298,9.523809524,8.571428571,26.26865672,22.30448866,32.5,,,24.24760602,10.58823529,31.11111111,8.943089431,11.25827815,18.6746988,6.060606061,23.61111111,35.0877193,21.25279642,48.85620915,,,17.85714286,22,30.74753173,10.76923077,25,37.4301676,26.84210526,25.75757576,20.12803335,22.30537634,19.81060606,20.37681159,27.38478521,37.95620438,14.93288591,31.21308496,22,39.14285714,26.73267327,38.75685558,29.7895222,17.88751305,42,16,38.99480069,,0,17.09401709,32,16,12.72727273,,21.92982456,10.34482759,13.7254902,,18.33333333,33.33333333,,12.65822785,,31.88405797,27.1453254,,,24.30931359,18.54304636,2.542372881,10.05025126,22.29051299,21.8621778,21.27958947,19.03448276,19.82142857,21.7724841,,11.80811808,,22.15189873,5.882352941,25.30487805,38.0952381,27.5,30.95238095,17.46031746,15.38461538,10.10752688,27.10280374,21.7765043,19.16666667,20.32520325,6.52173913,13.33333333,17,3.076923077,30.64428803,27.51677852,3.125,9.85915493,15.95744681,16.66666667,29.74051896,22.97968397,21.67077682,12,5.777777778,20.80102091,22.2904675,22.13114754,20.70172028,21.27659574,28.33333333,16,,,20.50632911,20.83333333,22.77227723,19.20529801,5.882352941,16.30213632,42.6,9.090909091,22.47318669,37.5,8.843537415,11.94029851,10.16166282,16.58140235,23.45679012,17.10526316,,39.6,25.17006803,11.5942029,16.66666667,10.36036036,22.36671001,41.34615385,,16.95906433,5.555555556,45.65217391,36,41.42011834,29.57983193,10.52631579,38.33333333,28.83584505,1.176470588,18.56216853,20.58823529,18.30985915,27.69230769,29.45205479,12.5,0,28.04347826,22.29316669,,16.30276565,34.7826087,13.75,,7.277628032,29.57156663,,9.756097561,20.66869301,15.77777778,61.25,19.3999178,19.86754967,30.51643192,41.81818182,23,2,12.39669421,32.14285714,26.66666667,24.36363636,34.4,24.12394366,28.45953003,24.01693216,17.37574553,18.18181818,25.49019608,20,36.66666667,43.5530086,6.153846154,,21.21212121,13.2,,12.76595745,20.51112943,21.13895216,17.58241758,4.8,19.04761905,25.80645161,26.54042681,32.30769231,16.58140235,7.692307692,19.3999178,24.01693216,30.95238095,31.33640553,14.571949,6.666666667,37.17948718,34.29844098,12.29314421,23.91469916,20.2020202,19.35483871,16,13.04347826,22.15568862,,,26.72064777,0,23.59033667,10,,0,41.83673469,17.96407186,32.57575758
2018,,,30.45454545,27.85714286,32.14285714,19.06077348,22.5,38.91050584,18.0952381,,11.11111111,28.66666667,34.42622951,16.8,36.36363636,38,7.228915663,11.02362205,20.28571429,23.75,15,12.82051282,21.42857143,34.54545455,9.375,,53.07692308,15.00974659,20,9.090909091,14.89361702,9.523809524,8.571428571,26.94610778,22.72096252,32.5,,22.58064516,24.89932886,10.58823529,31.11111111,8.943089431,11.25827815,18.12865497,6.060606061,23.61111111,45.61403509,21.92393736,53.2231405,,,17.85714286,22,30.74753173,26.15384615,25,37.4301676,26.84210526,25.75757576,20.62601506,22.78959395,20.23570712,20.78330475,27.9538377,37.95620438,14.93288591,31.97000682,22,39.14285714,26.73267327,38.75685558,30.51628765,17.62517439,42,19.60784314,39.58333333,,0,,32.15384615,16,12.72727273,,21.92982456,10.34482759,13.7254902,20,18.66666667,46.66666667,,12.65822785,,31.88405797,27.79301864,,21.09375,24.05026723,18.54304636,2.542372881,12.56281407,22.98147815,22.19283397,21.06570719,19.102153,19.82142857,21.51738672,,11.80811808,,22.15189873,5.882352941,25.22796353,38.0952381,27.5,35.71428571,17.46031746,15.38461538,10.10752688,27.10280374,21.7765043,19.16666667,20,6.52173913,13.33333333,17,3.076923077,32.51308901,27.51677852,4.6875,12.32876712,15.95744681,16.66666667,31.196083,22.79287948,21.50279776,12,5.777777778,20.61320284,22.71129885,22.13114754,21.47005617,21.27659574,20,31,,,20.50632911,33.33333333,22.77227723,19.20529801,5.882352941,16.67937961,48.2,9.090909091,23.05621464,38.33333333,8.843537415,11.94029851,10.16166282,16.93742479,23.45679012,17.10526316,,39.6,20.26143791,11.5942029,16.66666667,13.90134529,25,46.15384615,,16.95906433,5.555555556,45.65217391,36,41.42011834,32.72727273,10.52631579,38.33333333,29.78596908,1.176470588,19.95249406,20.23460411,18.30985915,27.69230769,29.45205479,12.5,0,28.04347826,22.04561161,,16.30276565,34.7826087,15,,7.795698925,30.427773,,9.756097561,20.66869301,15.77777778,61.25,17.10455764,19.86754967,30.51643192,41.81818182,23,2.040816327,12.32876712,30.95238095,26.66666667,24.36363636,34.4,24.18175683,28.45953003,24.07428,18.49780264,14.54545455,25.49019608,20,24.44444444,46.13180516,7.246376812,,21.21212121,13.2,,15.25423729,21.05865055,21.4511041,17.58241758,5.284552846,19.04761905,24.8,27.80082988,33.84615385,16.93742479,7.407407407,17.10455764,24.07428,30.95238095,31.33640553,17.44966443,6.666666667,37.17948718,34.29844098,12.29314421,25.11131647,20.2020202,23.50230415,16,13.04347826,22.15568862,,,26.72064777,0,24.09787827,10,,0,42.7480916,17.96407186,31.48148148
2019,,27.86885246,30,29.50819672,46.42857143,17.56653992,50,40.15748031,23.48484848,,11.11111111,30.46357616,39.3442623,16.80672269,36.36363636,42,7.228915663,13.38582677,20.63037249,25.83333333,15,12.82051282,21.42857143,40,9.375,,53.07692308,15.00974659,20,9.090909091,14.89361702,10.76923077,8.571428571,28.99408284,23.69273484,41.5,,22.58064516,24.94117647,10.98039216,31.11111111,10,11.25827815,18.71345029,6.060606061,23.61111111,45.61403509,22.5950783,53.2231405,,,17.85714286,22.5,30.88857546,26.15384615,25,39.10614525,26.84210526,25.75757576,20.85637317,22.94855166,20.50381494,22.70517587,29.45594431,37.95620438,14.93288591,33.37119491,22,44,29.7029703,38.75685558,31.81748348,17.299444,47,19.60784314,39.68804159,,0,17.91044776,32,14.76510067,13.09090909,,22.80701754,10.34482759,13.7254902,21,20.66666667,46.66666667,,19.375,,31.88405797,28.97125567,,21.09375,24.12261217,20.52980132,2.542372881,12.56281407,23.54283708,22.53555579,21.04258826,18.91891892,17.39130435,21.53862615,,14.39114391,,22.15189873,5.882352941,25.22796353,38.0952381,23.33333333,35.71428571,17.46031746,15.38461538,10.10752688,27.10280374,21.7765043,19.16666667,20,6.52173913,13.33333333,16.66666667,4.615384615,33.01911495,27.51677852,4.6875,12.32876712,15.95744681,16.66666667,31.66977612,22.88197845,21.57825802,12,5.333333333,20.93765586,23.02416376,23.33333333,21.9700493,21.27659574,25,30,,,20.50632911,33.33333333,25.74257426,15.89403974,4.597701149,16.36363636,48.2,6.060606061,23.41979125,39.16666667,9.523809524,14.92537313,11.31639723,16.26865672,28.39506173,17.33333333,,41.2,20.26143791,20,22.91666667,14.41441441,25.87776333,42.70833333,,16.95906433,3.38028169,44.56521739,31.33333333,40.82840237,32.72727273,10.52631579,40.83333333,30.71817732,2.325581395,20.51847766,20.23460411,21.12676056,30,27.96052632,12.5,0,28.69565217,22.01133144,,17.61280932,38.69565217,15,,7.774798928,31.97249678,,9.756097561,21.88449848,15.77777778,61.25,18.95734597,19.86754967,,41.81818182,23,4.081632653,12.32876712,30.95238095,25,24.36363636,37.65182186,24.12229714,28.45953003,24.07811603,19.06570452,14.54545455,31.37254902,20,27.77777778,47.27793696,7.246376812,,21.21212121,13.2,,14.88095238,21.15294485,23.1913455,16.48351648,16.2,19.04761905,25,28.36192584,38.46153846,16.26865672,7.407407407,18.95734597,24.07811603,30.95238095,22.58064516,17.44966443,6.25,36.8956743,34.8583878,20.51886792,25.44316149,19.19191919,23.43387471,16,13.04347826,22.15568862,,,26.72064777,0,24.63660369,10,,0.332225914,46.34760705,17.96407186,31.85185185
2020,,27.01612903,30,29.50819672,46.42857143,17.81901373,50,40.85603113,23.48484848,,11.11111111,30.46357616,39.3442623,17.3553719,38.21138211,40.66666667,7.228915663,13.38582677,20.91690544,26.66666667,15,12.82051282,21.42857143,40,9.375,,53.07692308,14.61988304,20,9.090909091,14.89361702,10.76923077,8.571428571,28.99408284,24.80333179,41.5,,22.58064516,24.94117647,11.37254902,33.88888889,12.8,11.25827815,18.34319527,16.66666667,25,45.61403509,25.16703786,53.2231405,,,19.64285714,22.5,31.17066291,26.15384615,34.375,39.66480447,27.89473684,25.75757576,21.11395283,23.62335282,20.86924851,23.44018317,30.15480443,39.41605839,15.10067114,33.74205268,,44,28.71287129,38.75685558,32.32990324,18.38125312,46,19.60784314,39.51473137,,0,14.78873239,33.84615385,14.09395973,13.09090909,,16.66666667,8.620689655,13.7254902,21,21.66666667,46.66666667,,19.375,,35.71428571,29.64434355,,21.09375,25.46324892,31.12582781,,12.06030151,23.83877384,23.10731673,21.99608958,20.43895748,20.34782609,22.37175951,,14.36464088,,22.5,5.594405594,26.443769,38.0952381,27.5,35.71428571,28.57142857,15.38461538,9.892473118,27.10280374,21.7765043,19.16666667,20,8.888888889,25,19,6.349206349,34.41383036,27.51677852,4.6875,12.32876712,15.95744681,16.66666667,32.93384468,23.83669329,22.65410959,12,5.381165919,21.43356294,23.53776768,23.33333333,22.10016757,24.11347518,30,30,,,20.50632911,33.33333333,24.75247525,17.8807947,4.597701149,16.61188369,48.2,6.060606061,23.76898607,38.33333333,27.89115646,13.43283582,11.11111111,16.40274873,22.22222222,17.33333333,,42.4,20.26143791,20,22.91666667,14.86486486,25.87776333,43.26923077,,16.95906433,3.631284916,47.25274725,33.33333333,41.42011834,32.72727273,10.52631579,40.83333333,31.10626487,2.325581395,20.61403509,20.1754386,22.53521127,26.15384615,27.96052632,12.5,0,28.69565217,22.84183082,,17.61280932,40,16.25,,8.378378378,32.57364008,,9.756097561,21.88449848,15.77777778,61.25,18.92147588,19.86754967,,43.03030303,29.47368421,6.382978723,12.32876712,33.33333333,33.33333333,24.36363636,38.8,24.81096408,28.45953003,24.75779153,19.67461218,14.54545455,29.41176471,22.66666667,27.77777778,46.99140401,9.589041096,,21.21212121,11.2,,15.43209877,21.43751957,24.13170952,18.68131868,15.74642127,23.80952381,25,29.75986278,38.46153846,16.40274873,7.407407407,18.92147588,24.75779153,26.19047619,24.88479263,17.31748727,6.25,36.8956743,34.8583878,20.80378251,25.67062266,21.21212121,23.43387471,32,13.04347826,22.15568862,,,26.72064777,0,25.20461646,10,,0.332225914,46.36591479,16.76646707,31.85185185
